data_versao,cod_item,cod_item_pai,nome,descricao_glossario,justica_estadual_1grau,justica_estadual_2grau,justica_estadual_juizado_especial,justica_estadual_juizado_especial_turmas_recursais,justica_estadual_juizado_especial_fazenda_publica,justica_estadual_turma_estadual_uniformizacao,justica_estadual_militar_1grau,justica_estadual_militar_2grau,justica_federal_1grau,justica_federal_2grau,justica_federal_juizado_especial,justica_federal_turmas_recursais,justica_federal_nacional_uniformizacao,justica_federal_regional_uniformizacao,justica_federal_cjf,justica_trabalho_1grau,justica_trabalho_2grau,justica_trabalho_tst,justica_trabalho_csjt,justica_militar_uniao_1grau,justica_militar_uniao_stm,justica_militar_estadual_1grau,justica_militar_estadual_tjm,justica_eleitoral_zonas,justica_eleitoral_tre,justica_eleitoral_tse,outras_justicas_stf,outras_justicas_stj,outras_justicas_cnj,norma,artigo,sigiloso,assunto_secundario,crime_antecedente,situacao,data_inclusao,usuario_inclusao,data_alteracao,usuario_alteracao
2025-09-11 16:34:41,2364,2581.0,Plano de Saúde,,N,N,N,N,N,N,N,N,N,N,N,N,N,N,N,S,S,S,N,N,N,N,N,N,N,N,S,N,N,,,N,N,N,I,2008-09-30 15:52:52,,2020-11-18 12:38:20,pedro.amorim
2025-09-11 16:34:41,3388,287.0,Periclitação da Vida e da Saúde,,S,S,S,S,N,N,S,S,S,S,S,S,S,S,N,N,N,N,N,S,S,S,S,S,S,S,S,S,N,,,N,N,N,A,2008-09-30 15:52:52,,2021-05-28 14:01:47,pedro.amorim
2025-09-11 16:34:41,3390,3388.0,Perigo para a vida ou saúde de outrem,"<p>
	Perigo para a vida ou sa&uacute;de de outrem Art. 132 - Expor a vida ou a sa&uacute;de de outrem a perigo direto e iminente: Pena - deten&ccedil;&atilde;o, de tr&ecirc;s meses a um ano, se o fato n&atilde;o constitui crime mais grave. Par&aacute;grafo &uacute;nico. A pena &eacute; aumentada de um sexto a um ter&ccedil;o se a exposi&ccedil;&atilde;o da vida ou da sa&uacute;de de outrem a perigo decorre do transporte de pessoas para a presta&ccedil;&atilde;o de servi&ccedil;os em estabelecimentos de qualquer natureza, em desacordo com as normas legais. (Inclu&iacute;do pela Lei n&ordm; 9.777, de 29.12.1998)</p>
",S,S,S,S,N,S,S,S,S,S,S,S,S,S,N,N,N,N,N,S,S,S,S,S,S,S,S,S,N,CP,132,N,N,N,A,2008-09-30 15:52:52,,,
2025-09-11 16:34:41,3505,3491.0,Epidemia ,"Epidemia
Art. 267 - Causar epidemia, mediante a propagação de germes patogênicos:
Pena - reclusão, de dez a quinze anos. (Redação dada pela Lei nº 8.072, de 25.7.1990)
        § 1º - Se do fato resulta morte, a pena é aplicada em dobro.
        § 2º - No caso de culpa, a pena é de detenção, de um a dois anos, ou, se resulta morte, de dois a quatro anos.",S,S,S,S,N,N,S,S,S,S,N,N,N,N,N,N,N,N,N,S,S,S,S,S,S,S,S,S,N,CP,267,N,N,N,A,2008-09-30 15:52:52,,,
2025-09-11 16:34:41,3508,3491.0,Falsificação / Corrupção / Adulteração / Alteração de produto destinado a fins terapêuticos ou medicinais,"Falsificação, corrupção, adulteração ou alteração de produto destinado a fins terapêuticos ou medicinais (Redação dada pela Lei nº 9.677, de 2.7.1998)
Art. 273 - Falsificar, corromper, adulterar ou alterar produto destinado a fins terapêuticos ou medicinais: (Redação dada pela Lei nº 9.677, de 2.7.1998)
Pena - reclusão, de 10 (dez) a 15 (quinze) anos, e multa. (Redação dada pela Lei nº 9.677, de 2.7.1998)
        § 1º - Nas mesmas penas incorre quem importa, vende, expõe à venda, tem em depósito para vender ou, de qualquer forma, distribui ou entrega a consumo o produto falsificado, corrompido, adulterado ou alterado. (Redação dada pela Lei nº 9.677, de 2.7.1998)
             § 1º-A - Incluem-se entre os produtos a que se refere este artigo os medicamentos, as matérias-primas, os insumos farmacêuticos, os cosméticos, os saneantes e os de uso em diagnóstico. (Incluído pela Lei nº 9.677, de 2.7.1998)
              § 1º-B - Está sujeito às penas deste artigo quem pratica as ações previstas no § 1º em relação a produtos em qualquer das seguintes condições: (Incluído pela Lei nº 9.677, de 2.7.1998)
                     I - sem registro, quando exigível, no órgão de vigilância sanitária competente; (Incluído pela Lei nº 9.677, de 2.7.1998)
                    II - em desacordo com a fórmula constante do registro previsto no inciso anterior; (Incluído pela Lei nº 9.677, de 2.7.1998)
                   III - sem as características de identidade e qualidade admitidas para a sua comercialização; (Incluído pela Lei nº 9.677, de 2.7.1998)
                    IV - com redução de seu valor terapêutico ou de sua atividade; ((Incluído pela Lei nº 9.677, de 2.7.1998)
                     V - de procedência ignorada; (Incluído pela Lei nº 9.677, de 2.7.1998)
                    VI - adquiridos de estabelecimento sem licença da autoridade sanitária competente. (Incluído pela Lei nº 9.677, de 2.7.1998       Modalidade culposa
        § 2º - Se o crime é culposo:  
Pena - detenção, de 1 (um) a 3 (três) anos, e multa. (Redação dada pela Lei nº 9.677, de 2.7.1998)",S,S,S,S,N,N,S,S,S,S,N,N,N,N,N,N,N,N,N,S,S,S,S,S,S,S,S,S,N,CP,273,N,N,N,A,2008-09-30 15:52:52,,,
2025-09-11 16:34:41,3509,3491.0,"Exercício Ilegal da Medicina, Arte Dentária ou Farmacêutica","Art. 282 - Exercer, ainda que a título gratuito, a profissão de médico, dentista ou farmacêutico, sem autorização legal ou excedendo-lhe os limites:

Pena - detenção, de seis meses a dois anos.

Parágrafo único - Se o crime é praticado com o fim de lucro, aplica-se também multa.

",S,S,S,S,N,N,S,S,S,S,S,S,S,S,N,N,N,N,N,S,S,S,S,S,S,S,S,S,N,CP,282,N,N,N,A,2008-09-30 15:52:52,,,
2025-09-11 16:34:41,3517,3491.0,Outras Substâncias Nocivas a Saúde Pública ,"Art. 278 - Fabricar, vender, expor à venda, ter em depósito para vender ou, de qualquer forma, entregar a consumo coisa ou substância nociva à saúde, ainda que não destinada à alimentação ou a fim medicinal:

Pena - detenção, de um a três anos, e multa.

Modalidade culposa

Parágrafo único - Se o crime é culposo:

Pena - detenção, de dois meses a um ano.

",S,S,S,S,N,N,S,S,S,S,N,N,N,N,N,N,N,N,N,S,S,S,S,S,S,S,S,S,N,CP,278,N,N,N,A,2008-09-30 15:52:52,,,
2025-09-11 16:34:41,5867,3491.0,Medicamento em Desacordo com Receita Médica,"Art. 280 - Fornecer substância medicinal em desacordo com receita médica:

Pena - detenção, de um a três anos, ou multa.

Modalidade culposa

Parágrafo único - Se o crime é culposo:

Pena - detenção, de dois meses a um ano.
",S,S,S,S,N,N,S,S,S,S,N,N,N,N,N,N,N,N,N,S,S,S,S,S,S,S,S,S,N,CP,280,N,N,N,A,2008-09-30 15:52:52,,,
2025-09-11 16:34:41,5967,5957.0,Taxa de Saúde Suplementar,"Cobrada pela Agência Nacional de Saúde - ANS, é devida pelas pessoas jurídicas que operem produto, serviço ou contrato de assistência à saúde como assistência médica, hospitalar ou odontológica. Subdivede-se em duas taxas TSP: uma é devida em face da fiscalização dos planos de saúde (art. 20, I), a outra é devida por registro ou alteração de dados de produto,  ou operadora, e pelo pedido de reajuste de contraprestação pecuniária (art. 20, II). 
",S,S,N,N,N,N,N,N,S,S,S,S,S,S,N,N,N,N,N,N,N,N,N,N,N,N,S,S,N,Lei 9.961/2000. ,"20, I e II",N,N,N,A,2008-09-30 15:52:52,,,
2025-09-11 16:34:41,6064,6048.0,Custeio de Assistência Médica,"<p>
	Temas envolvendo a incid&ecirc;ncia da contribui&ccedil;&atilde;o previdenci&aacute;ria sobre a parcela descontada ou reembolso de despesas m&eacute;dicas, odontol&oacute;gicas, ambulatoriais, hospitalares e outras relacionadas &agrave; sa&uacute;de com conv&ecirc;nio ou diretamente prestada.</p>
",S,S,N,S,S,S,N,N,S,S,S,S,S,S,N,N,N,N,N,N,N,N,N,N,N,N,S,S,N,L 8.212/1991,"28, I e § 9º, q",N,N,N,A,2008-09-30 15:52:52,,,
2025-09-11 16:34:41,6082,6071.0,FUSEX/FUNSA/FUSMA/Fundo de Saúde das Forças Armadas,"Discute-se a constitucionalidade da instituição da contribuição para a seguridade social dos militares (exército, marinha e aeronáutica) para financiamento da saúde médico-hospitalar dos mesmos.",S,S,N,N,N,N,N,N,S,S,S,S,S,S,N,N,N,N,N,N,N,N,N,N,N,N,S,S,N,L 5.787/1972 ;  D 92.512/1986 ;  L 8.237/1991 ; MP 2.131/2000,"81§ 1º ; 11, II, a e 14, I e II ; 75, II ;    ;",N,N,N,A,2008-09-30 15:52:52,,,
2025-09-11 16:34:41,6233,7771.0,Planos de Saúde,"<p>
	Abrange as a&ccedil;&otilde;es ajuizadas em face de Plano de Assist&ecirc;ncia M&eacute;dica, Seguro Sa&uacute;de e Sistemas de auto-gest&atilde;o. Lei n. 9.656/99. Artigo 54, do C.D.C.</p>
",S,S,S,S,N,S,N,N,S,S,S,S,S,S,N,N,N,N,N,N,N,N,N,N,N,N,S,S,N,Lei n. 9.656/99 e Lei n. 8.078/90 (C.D.C.),"Artigo 54, do C.D.C.",N,N,N,I,2008-09-30 15:52:52,,2019-07-04 16:37:47,carlsmith
2025-09-11 16:34:41,7775,7771.0,Serviços Hospitalares,"<p>
	Abrange as a&ccedil;&otilde;es decorrentes de servi&ccedil;os de aten&ccedil;&atilde;o &agrave; sa&uacute;de, inclusive prestados por cl&iacute;nicas. Artigos 14 e 20, do C.D.C.</p>
",S,S,S,S,N,N,N,N,S,S,S,S,S,S,N,N,N,N,N,N,N,N,N,N,N,N,S,S,N,Lei n. 8.078/90 (C.D.C.),14 e 20,N,N,N,A,2008-09-30 15:52:52,,,
2025-09-11 16:34:41,7794,7793.0,Tratamento Ambulatorial,"o fato previsto como crime for punível com detenção, poderá o juiz submeter ao tratamento ambulatorial.
A aplicação à Justiça Militar é feita com base na norma do CP, subsidiariamente.",S,S,S,S,N,N,N,S,S,S,S,S,S,S,N,N,N,N,N,N,S,N,S,N,N,N,S,S,N,CP,97,N,N,N,A,2008-09-30 15:52:52,,,
2025-09-11 16:34:41,9648,9634.0,Periclitação da Vida e da Saúde,,S,S,N,N,N,N,N,N,N,N,N,N,N,N,N,N,N,N,N,N,N,N,N,N,N,N,S,S,N,,,N,N,N,A,2008-09-30 15:52:52,,2021-05-28 14:08:28,pedro.amorim
2025-09-11 16:34:41,9650,9648.0,Perigo para a vida ou saúde de outrem (art. 132),"Perigo para a vida ou saúde de outrem
Art. 132 - Expor a vida ou a saúde de outrem a perigo direto e iminente:
Pena - detenção, de três meses a um ano, se o fato não constitui crime mais grave.
Parágrafo único. A pena é aumentada de um sexto a um terço se a exposição da vida ou da saúde de outrem a perigo decorre do transporte de pessoas para a prestação de serviços em estabelecimentos de qualquer natureza, em desacordo com as normas legais. (Incluído pela Lei nº 9.777, de 29.12.1998)",S,S,N,N,N,N,N,N,N,N,N,N,N,N,N,N,N,N,N,N,N,N,N,N,N,N,S,S,N,CP,132,N,N,N,A,2008-09-30 15:52:52,,,
2025-09-11 16:34:41,9786,9773.0,Epidemia (art. 267),"Epidemia
Art. 267 - Causar epidemia, mediante a propagação de germes patogênicos:
Pena - reclusão, de dez a quinze anos. (Redação dada pela Lei nº 8.072, de 25.7.1990)
        § 1º - Se do fato resulta morte, a pena é aplicada em dobro.
        § 2º - No caso de culpa, a pena é de detenção, de um a dois anos, ou, se resulta morte, de dois a quatro anos.",S,S,N,N,N,N,N,N,N,N,N,N,N,N,N,N,N,N,N,N,N,N,N,N,N,N,S,S,N,CP,267,N,N,N,A,2008-09-30 15:52:52,,,
2025-09-11 16:34:41,9789,9773.0,Falsificação / Corrupção / Adulteração / Alteração de produto destinado a fins terapêuticos ou medicinais,"Falsificação, corrupção, adulteração ou alteração de produto destinado a fins terapêuticos ou medicinais (Redação dada pela Lei nº 9.677, de 2.7.1998)
Art. 273 - Falsificar, corromper, adulterar ou alterar produto destinado a fins terapêuticos ou medicinais: (Redação dada pela Lei nº 9.677, de 2.7.1998)
Pena - reclusão, de 10 (dez) a 15 (quinze) anos, e multa. (Redação dada pela Lei nº 9.677, de 2.7.1998)
        § 1º - Nas mesmas penas incorre quem importa, vende, expõe à venda, tem em depósito para vender ou, de qualquer forma, distribui ou entrega a consumo o produto falsificado, corrompido, adulterado ou alterado. (Redação dada pela Lei nº 9.677, de 2.7.1998)
             § 1º-A - Incluem-se entre os produtos a que se refere este artigo os medicamentos, as matérias-primas, os insumos farmacêuticos, os cosméticos, os saneantes e os de uso em diagnóstico. (Incluído pela Lei nº 9.677, de 2.7.1998)
              § 1º-B - Está sujeito às penas deste artigo quem pratica as ações previstas no § 1º em relação a produtos em qualquer das seguintes condições: (Incluído pela Lei nº 9.677, de 2.7.1998)
                     I - sem registro, quando exigível, no órgão de vigilância sanitária competente; (Incluído pela Lei nº 9.677, de 2.7.1998)
                    II - em desacordo com a fórmula constante do registro previsto no inciso anterior; (Incluído pela Lei nº 9.677, de 2.7.1998)
                   III - sem as características de identidade e qualidade admitidas para a sua comercialização; (Incluído pela Lei nº 9.677, de 2.7.1998)
                    IV - com redução de seu valor terapêutico ou de sua atividade; ((Incluído pela Lei nº 9.677, de 2.7.1998)
                     V - de procedência ignorada; (Incluído pela Lei nº 9.677, de 2.7.1998)
                    VI - adquiridos de estabelecimento sem licença da autoridade sanitária competente. (Incluído pela Lei nº 9.677, de 2.7.1998       Modalidade culposa
        § 2º - Se o crime é culposo:  
Pena - detenção, de 1 (um) a 3 (três) anos, e multa. (Redação dada pela Lei nº 9.677, de 2.7.1998)",S,S,N,N,N,N,N,N,N,N,N,N,N,N,N,N,N,N,N,N,N,N,N,N,N,N,S,S,N,CP,273,N,N,N,A,2008-09-30 15:52:52,,,
2025-09-11 16:34:41,9790,9773.0,"Exercício Ilegal da Medicina, Arte Dentária ou Farmacêutica (art. 282)","Exercer, ainda que a título gratuito, a profissão de médico, dentista ou farmacêutico, sem autorização legal ou excedendo-lhe os limites.",S,S,N,N,N,N,N,N,N,N,N,N,N,N,N,N,N,N,N,N,N,N,N,N,N,N,S,S,N,CP,282,N,N,N,A,2008-09-30 15:52:52,,,
2025-09-11 16:34:41,9798,9773.0,Outras Substâncias Nocivas a Saúde Pública (Art. 278),"Fabricar, vender, expor à venda, ter em depósito para vender ou, de qualquer forma, entregar a consumo coisa ou substância nociva à saúde, ainda que não destinada à alimentação ou a fim medicinal.
",S,S,N,N,N,N,N,N,N,N,N,N,N,N,N,N,N,N,N,N,N,N,N,N,N,N,S,S,N,CP,278,N,N,N,A,2008-09-30 15:52:52,,,
2025-09-11 16:34:41,9802,9773.0,Medicamento em Desacordo com Receita Médica,Fornecer substância medicinal em desacordo com receita médica.,S,S,N,N,N,N,N,N,N,N,N,N,N,N,N,N,N,N,N,N,N,N,N,N,N,N,S,S,N,CP,280,N,N,N,A,2008-09-30 15:52:52,,,
2025-09-11 16:34:41,9995,9992.0,Serviços de Saúde,"<p>
	Assunto espec&iacute;fico relacionado com danos provocados nna presta&ccedil;&atilde;o de servi&ccedil;os de sa&uacute;de, que suprime a necessidade de classificar em Dano Moral e/ou Material e/ou Est&eacute;tico e/ou Funcional.</p>
",S,S,N,S,S,S,N,N,S,S,S,S,S,S,N,N,N,N,N,N,N,N,N,S,S,S,S,S,N,CF,"art. 5º, V, X",N,N,N,A,2008-09-30 15:52:52,,2023-09-27 16:53:34,pedro.amorim
2025-09-11 16:34:41,10003,9998.0,Comercialização e/ou Utilização sem Restrições de Medicamentos,"<p>
	Discuss&otilde;es sobre a possibilidade de comercializa&ccedil;&atilde;o, importa&ccedil;&atilde;o ou utiliza&ccedil;&atilde;o de medicamentos e sobre os procedimentos de licenciamento da atividade ou de atos espec&iacute;ficos.</p>
",S,S,N,S,S,S,N,N,S,S,S,S,N,S,N,N,N,N,N,N,N,N,N,S,S,S,S,S,N,"Lei 5.991/73, 6.360/76 e 6.437/77",,N,N,N,A,2008-09-30 15:52:52,,,
2025-09-11 16:34:41,10064,10028.0,Saúde,Dispõe sobre a saúde e a responsabilidade do Estado na sua prestação.,S,S,N,N,N,N,N,N,S,S,S,S,S,S,N,N,N,N,N,N,N,N,N,S,S,S,S,S,N,CF,art. 196 a 200,N,N,N,I,2008-09-30 15:52:52,,2019-07-04 16:35:44,carlsmith
2025-09-11 16:34:41,10065,10064.0,Repasse de Verbas do SUS,,N,N,N,N,N,N,N,N,S,S,S,S,S,S,N,N,N,N,N,N,N,N,N,N,N,N,S,S,N,,,N,N,N,I,2008-09-30 15:52:52,,2019-07-04 16:36:21,carlsmith
2025-09-11 16:34:41,10066,10064.0,Reajuste da Tabela do SUS,,N,N,N,N,N,N,N,N,S,S,S,S,S,S,N,N,N,N,N,N,N,N,N,N,N,N,S,S,N,,,N,N,N,I,2008-09-30 15:52:52,,2019-07-04 16:36:17,carlsmith
2025-09-11 16:34:41,10067,10064.0,Convênio Médico com o SUS,"Casos relativos a convênios celebrados entre instituições de assistência à saúde (médicos, clínicas, hospitais) a respeito do vínculo com o SUS. Discussões entre a instituição de assistência médica (plano de saúde) e o beneficiário devem ser classificadas em DirConsumidor;Contratos de Consumo;Plano de Saúde.",N,N,N,N,N,N,N,N,S,S,S,S,S,S,N,N,N,N,N,N,N,N,N,N,N,N,S,S,N,,,N,N,N,I,2008-09-30 15:52:52,,2019-07-04 16:35:51,carlsmith
2025-09-11 16:34:41,10069,10064.0,Tratamento Médico-Hospitalar e/ou Fornecimento de Medicamentos,"<p>
	Disp&otilde;e sobre a responsabilidade do Estado na presta&ccedil;&atilde;o dos servi&ccedil;os de sa&uacute;de, inclusive tratamento e medicamento.</p>
<p>
	Inativa&ccedil;&atilde;o solicitada pelo F&oacute;rum da Sa&uacute;de, associada &agrave; cria&ccedil;&atilde;o dos assuntos 11883 e 11884.</p>
",S,S,S,S,S,S,N,N,S,S,S,S,S,S,N,N,N,N,N,N,N,N,N,N,N,N,S,S,N,CF,Art. 196,N,N,N,I,2008-09-30 15:52:52,,2011-12-07 08:26:55,marivaldodantas
2025-09-11 16:34:41,10070,10064.0,Ressarcimento ao SUS,,N,N,N,N,N,N,N,N,S,S,S,S,S,S,N,N,N,N,N,N,N,N,N,N,N,N,S,S,N,,,N,N,N,I,2008-09-30 15:52:52,,2019-07-04 16:36:24,carlsmith
2025-09-11 16:34:41,10071,10064.0,Genética / Células Tronco,"Classifica ações que discutam autorização ou a permissão para utilização e pesquisa referente a células-tronco, bem como ações em que os autores reivindicam o direito de enviar células-tronco ou cordão umbilical para o exterior.",N,N,N,N,N,N,N,N,S,S,S,S,S,S,N,N,N,N,N,N,N,N,N,N,N,N,S,S,N,,,N,N,N,I,2008-09-30 15:52:52,,2019-07-04 16:36:11,carlsmith
2025-09-11 16:34:41,10244,10288.0,Assistência à Saúde,"<p>
	Disp&otilde;e sobre a forma de assist&ecirc;ncia &agrave; sa&uacute;de dos servidores p&uacute;blicos.</p>
",S,S,N,S,S,S,N,N,S,S,S,S,S,S,N,S,S,S,N,N,N,N,N,S,S,S,S,S,N,L 8.112/1990,230,N,N,N,A,2008-09-30 15:52:52,,,
2025-09-11 16:34:41,10263,10258.0,Tratamento da Própria Saúde,"<p>
	Art. 102. Al&eacute;m das aus&ecirc;ncias ao servi&ccedil;o previstas no art. 97, s&atilde;o considerados como de efetivo exerc&iacute;cio os afastamentos em virtude de: VIII %u2013 licen&ccedil;a: b) para tratamento da pr&oacute;pria sa&uacute;de, at&eacute; o limite de vinte e quatro meses, cumulativo ao longo do tempo de servi&ccedil;o p&uacute;blico prestado &agrave; Uni&atilde;o, em cargo de provimento efetivo.</p>
",S,S,N,S,S,S,S,S,S,S,S,S,S,S,N,S,S,S,S,S,S,S,S,S,S,S,S,S,S,L 8.112/1990,"102, VIII, b",N,N,N,A,2008-09-30 15:52:52,,,
2025-09-11 16:34:41,10335,10325.0,Serviço Militar dos Profissionais da Saúde,"<p>
	Casos dos m&eacute;dicos, farmac&ecirc;uticos, dentistas e veterin&aacute;rios (MFDV), que pretendem dispensa ou adiamento da incorpora&ccedil;&atilde;o.</p>
",S,S,N,S,S,S,N,N,S,S,S,S,S,S,N,N,N,N,N,N,N,S,S,S,S,S,S,S,N,L 5.292/1967,art. 4º,N,N,N,A,2008-09-30 15:52:52,,,
2025-09-11 16:34:41,10356,10337.0,Assistência Médico-Hospitalar,"<p>
	e) a assist&ecirc;ncia m&eacute;dico-hospitalar para si e seus dependentes, assim entendida como o conjunto de atividades relacionadas com a preven&ccedil;&atilde;o, conserva&ccedil;&atilde;o ou recupera&ccedil;&atilde;o da sa&uacute;de, abrangendo servi&ccedil;os profissionais m&eacute;dicos, farmac&ecirc;uticos e odontol&oacute;gicos, bem como o fornecimento, a aplica&ccedil;&atilde;o de meios e os cuidados e demais atos m&eacute;dicos e param&eacute;dicos necess&aacute;rios;</p>
",S,S,N,S,S,S,N,N,S,S,S,S,S,S,N,N,N,N,N,N,N,N,N,S,S,S,S,S,N,Lei 6880 de 1980,"50, IV, ""e""",N,N,N,A,2008-09-30 15:52:52,,,
2025-09-11 16:34:41,10376,10370.0,Exame de Saúde e/ou Aptidão Física,"<p>
	Inclui o exame de sa&uacute;de (exame m&eacute;dico) e o exame de capacidade f&iacute;sica. Utilizado tamb&eacute;m em rela&ccedil;&atilde;o a normas estaduais, municipais e edital&iacute;cias.</p>
",S,S,N,S,S,S,N,N,S,S,S,S,S,S,N,S,S,S,N,N,N,N,N,S,S,S,S,S,S,Lei 8112/90,"art. 5º, IVI, art. 14",N,N,N,A,2008-09-30 15:52:52,,,
2025-09-11 16:34:41,10434,10433.0,Serviços de Saúde,"<p>
	O erro na presta&ccedil;&atilde;o de servi&ccedil;os de sa&uacute;de &eacute; indeniz&aacute;vel na forma do art. 951 c/c art. 186, ambos do CC. A jurisprud&ecirc;ncia tem entendido que se aplica &agrave; esp&eacute;cie tamb&eacute;m o art. 14 do C&oacute;digo de Defesa do consumidor, respeitada a exig&ecirc;ncia do &sect; 4&ordm; do mesmo artigo. O pedido de indeniza&ccedil;&atilde;o por dano moral na esp&eacute;cie &eacute; compat&iacute;vel e cumul&aacute;vel com o de danos materiais (s&uacute;mla 37 do STJ).</p>
",S,S,S,S,N,N,N,N,S,S,S,S,S,S,N,N,N,N,N,N,N,N,N,N,N,N,S,S,N,Lei 10406/02,arts. 186 e 951,N,N,N,A,2008-09-30 15:52:52,,2023-09-27 16:51:02,pedro.amorim
2025-09-11 16:34:41,10440,10439.0,Serviços de Saúde,"<p>
	O erro na presta&ccedil;&atilde;o de servi&ccedil;os de sa&uacute;de &eacute; indeniz&aacute;vel na forma do art. 951 c/c art. 186, ambos do CC. A jurisprud&ecirc;ncia tem entendido que se aplica &agrave; esp&eacute;cie tamb&eacute;m o art. 14 do C&oacute;digo de Defesa doconsumidor, respeitada a exig&ecirc;ncia do &sect; 4&ordm; do mesmo artigo. O pedido de indeniza&ccedil;&atilde;o por dano moral na esp&eacute;cie &eacute; compat&iacute;vel e cumul&aacute;vel com o de danos materiais (s&uacute;mla 37 do STJ).</p>
",S,S,S,S,N,N,N,N,S,S,S,S,S,S,N,N,N,N,N,N,N,N,N,N,N,N,S,S,N,Lei 10406/02,arts. 186 e 951,N,N,N,A,2008-09-30 15:52:52,,2023-09-27 16:54:59,pedro.amorim
2025-09-11 16:34:41,10503,10502.0,Serviços de Saúde,"<p>
	Responsabilidade da administra&ccedil;&atilde;o por dano decorrente de erro na presta&ccedil;&atilde;o de servi&ccedil;os de sa&uacute;de.</p>
",S,S,N,N,S,S,N,N,S,S,S,S,S,S,N,N,N,N,N,N,N,N,N,S,S,S,S,S,N,CF/88; Lei 10406/02,"CF, art. 37, § 6º;  Lei 10.406/02, art.927, 944, 949",N,N,N,A,2008-09-30 15:52:52,,2023-09-27 16:56:15,pedro.amorim
2025-09-11 16:34:41,10856,10069.0,Prescrição por Médico não vinculado ao SUS,"<p>
	Referente &agrave;s discuss&otilde;es sobre a possibilidade do fornecimento de medicamento prescrito por m&eacute;dico n&atilde;o credenciado ao SUS.</p>
<p>
	Inativa&ccedil;&atilde;o solicitada pelo F&oacute;rum da Sa&uacute;de em raz&atilde;o&nbsp;de tal assunto&nbsp; integrou o objeto da Audi&ecirc;ncia P&uacute;blica n&ordm; 04, mas que agora j&aacute; perdeu sentido. Inativa&ccedil;&atilde;o aprovada pelo Comit&ecirc; das Tabelas por vota&ccedil;&atilde;o via email.</p>
",N,N,N,N,N,N,N,N,N,N,N,N,N,N,N,N,N,N,N,N,N,N,N,N,N,N,S,N,N,,,N,N,N,I,2008-09-30 15:52:52,,2011-12-07 08:10:49,marivaldodantas
2025-09-11 16:34:41,10892,10069.0,Medicamento / Tratamento / Cirurgia de Eficácia não comprovada,"<p>
	Discuss&atilde;o sobre fornecimento de medicamento, realiza&ccedil;&atilde;o de tratamento ou de cirurgia cuja efic&aacute;cia ainda n&atilde;o foi avaliada ou comprovada cientificamente.</p>
<p>
	Inativa&ccedil;&atilde;o solicitada pelo F&oacute;rum da Sa&uacute;de com fundamento em que&nbsp;objeto&nbsp;&eacute; contr&aacute;rio &agrave; Recomenda&ccedil;&atilde;o do CNJ e agora &agrave; Lei 12.401/2011.&nbsp;</p>
<p>
	Caso haja uma demanda com esse objeto, os assuntos cadastrados devem ser os gerais de fornecimento de medicamento ou tratamento.</p>
",N,N,N,N,N,N,N,N,N,N,N,N,N,N,N,N,N,N,N,N,N,N,N,N,N,N,S,N,N,,,N,N,N,I,2008-09-30 15:52:52,,2011-12-07 08:18:48,marivaldodantas
2025-09-11 16:34:41,11178,11077.0,Contra a Saúde,"<p>
	Viola&ccedil;&atilde;o de territ&oacute;rio estrangeiro Art. 139. Violar o militar territ&oacute;rio estrangeiro, com o fim de praticar ato de jurisdi&ccedil;&atilde;o em nome do Brasil: Pena - reclus&atilde;o, de dois a seis anos.</p>
",N,N,N,N,N,N,N,N,N,N,N,N,N,N,N,N,N,N,N,N,N,N,N,N,N,N,S,N,N,,,N,N,N,A,2009-08-26 00:00:00,admin,,
2025-09-11 16:34:41,11202,11178.0,Epidemia,"<p>
	Art. 292. Causar epidemia, em lugar sujeito &agrave; administra&ccedil;&atilde;o militar, mediante propaga&ccedil;&atilde;o de germes patog&ecirc;nicos: Pena - reclus&atilde;o, de cinco a quinze anos. Forma qualificada &sect; 1&ordm; Se do fato resulta morte, a pena &eacute; aplicada em d&ocirc;bro. Modalidade culposa &sect; 2&ordm; No caso de culpa, a pena &eacute; de deten&ccedil;&atilde;o, de um a dois anos, ou, se resulta morte, de dois a quatro anos.</p>
",N,N,N,N,N,N,S,S,N,N,N,N,N,N,N,N,N,N,N,S,S,S,S,N,N,N,S,N,N,CPM,292,N,N,N,A,2009-08-26 00:00:00,admin,,
2025-09-11 16:34:41,11229,11075.0,Periclitação da Vida ou da Saúde,"<p>
	Participa&ccedil;&atilde;o em rixa Art. 211. Participar de rixa, salvo para separar os contendores: Pena - deten&ccedil;&atilde;o, at&eacute; dois meses. Par&aacute;grafo &uacute;nico. Se ocorre morte ou les&atilde;o grave, aplica-se, pelo fato de participa&ccedil;&atilde;o na rixa, a pena de deten&ccedil;&atilde;o, de seis meses a dois anos.</p>
",N,N,N,N,N,N,N,N,N,N,N,N,N,N,N,N,N,N,N,N,N,N,N,N,N,N,S,N,N,,,N,N,N,A,2009-08-26 00:00:00,admin,,
2025-09-11 16:34:41,11851,10064.0,Terceirização do SUS,Questões relativas à transferência de serviços à iniciativa privada. Artigo 24 e seguintes da Lei 8080/90.,S,S,N,N,N,N,N,N,S,S,N,N,N,N,N,N,N,N,N,N,N,N,N,N,N,N,N,S,N,,,N,N,N,I,2011-10-05 00:00:00,admin,2019-07-04 16:36:37,carlsmith
2025-09-11 16:34:41,11852,10064.0,Financiamento do SUS,Artigo 31 e seguintes da lei 8080/90 e Emenda Constitucional 29.,S,S,N,N,N,N,N,N,S,S,N,N,N,N,N,N,N,N,N,N,N,N,N,N,N,N,N,S,N,,,N,N,N,I,2011-10-05 00:00:00,admin,2019-07-04 16:35:59,carlsmith
2025-09-11 16:34:41,11853,10064.0,Vigilância Sanitária e Epidemiológica,"Tudo o que disser respeito à vacinação (inclusive zoonozes), epidemia e endemia, fiscalização e registro de medicamentos e alimentos, condições sanitárias em geral.  Inclui as questões relativas à fiscalização de farmácias, drogarias, representante/distribuidor e empresa representante de produtos fármacos; presença de farmacêutico como responsável técnico.",S,S,N,N,N,N,N,N,S,S,N,N,N,N,N,N,N,N,N,N,N,N,N,N,N,N,N,S,N,,,N,N,N,I,2011-10-05 00:00:00,admin,2019-07-04 16:36:51,carlsmith
2025-09-11 16:34:41,11854,10064.0,Saúde Mental,"<p>
	Quest&otilde;es relativas a atendimento das pessoas com transtorno mental (psicol&oacute;gico, psiqui&aacute;trico)- Lei 10216/02.</p>
",S,S,N,N,N,N,N,N,S,S,N,N,N,N,N,N,N,N,N,N,N,N,N,N,N,N,S,S,N,,,N,N,N,I,2011-10-05 00:00:00,admin,2019-07-04 16:36:26,carlsmith
2025-09-11 16:34:41,11855,10064.0,Controle Social e Conselhos de Saúde,"Criação, implantação, estrutura e funcionamento dos conselhos de saúde.",S,S,N,N,N,N,N,N,S,S,N,N,N,N,N,N,N,N,N,N,N,N,N,N,N,N,N,S,N,,,N,N,N,I,2011-10-05 00:00:00,admin,2019-07-04 16:35:48,carlsmith
2025-09-11 16:34:41,11856,10064.0,Hospitais e Outras Unidades de Saúde,"Questões relativas ao funcionamento de hospitais e outras unidades de saúde. Tais como: Falta de profissionais, infecção hospitalar, falta de equipamentos e estrutura. Excetua-se tratamento e fornecimento de medicamentos que possui item próprio - CNJ 1006",S,S,N,N,N,N,N,N,S,S,N,N,N,N,N,N,N,N,N,N,N,N,N,N,N,N,N,S,N,,,N,N,N,I,2011-10-05 00:00:00,admin,2019-07-04 16:36:14,carlsmith
2025-09-11 16:34:41,11857,10064.0,Doação e Transplante de Órgãos; Tecidos e Partes do Corpo Humano,"Disposição em vida ou doação de órgãos, tecidos e partes do corpo humano, Disposição post mortem ou retirada de pessoa falecida, sistemas nacional e estadual de transplantes.",S,S,N,N,N,N,N,N,S,S,N,N,N,N,N,N,N,N,N,N,N,N,N,N,N,N,N,S,N,,,N,N,N,I,2011-10-05 00:00:00,admin,2019-07-04 16:35:55,carlsmith
2025-09-11 16:34:41,11883,10064.0,Tratamento Médico-Hospitalar,"<p>
	Disp&otilde;e sobre a responsabilidade do Estado na presta&ccedil;&atilde;o dos servi&ccedil;os de sa&uacute;de, especialmente no que tange &agrave; solicita&ccedil;&atilde;o de tratamento m&eacute;dico-hospitalar.&nbsp; Caso o pedido inclua tamb&eacute;m fornecimento de medicamentos, devem ser cadastrados os dois assuntos (11883 e 11884).</p>
",S,S,S,S,S,S,N,N,S,S,S,S,S,S,N,N,N,N,N,N,N,N,N,N,N,N,N,N,N,CF,196,N,N,N,I,2011-12-07 00:00:00,marivaldodantas,2019-07-04 16:36:48,carlsmith
2025-09-11 16:34:41,11884,10064.0,Fornecimento de Medicamentos,"<p>
	Disp&otilde;e sobre a responsabilidade do Estado na presta&ccedil;&atilde;o dos servi&ccedil;os de sa&uacute;de, especialmente no que tange &agrave; solicita&ccedil;&atilde;o de fornecimento de medicamentos Caso o pedido inclua tamb&eacute;m o tratamento m&eacute;dico-hospitalar, devem ser cadastrados os dois assuntos (11884 e 11883).<span style=""display: none"">&nbsp;</span></p>
",S,S,S,S,S,S,N,N,S,S,S,S,S,S,N,N,N,N,N,N,N,N,N,N,N,N,N,N,N,CF,196,N,N,N,I,2011-12-07 00:00:00,marivaldodantas,2019-07-04 16:36:06,carlsmith
2025-09-11 16:34:41,11885,11883.0,Unidade de terapia intensiva (UTI) ou unidade de cuidados intensivos (UCI),"<p>
	A ser utilizado na hip&oacute;tese de solicita&ccedil;&atilde;o de determina&ccedil;&atilde;o judicial para interna&ccedil;&atilde;o em UTI ou UCI. Caso o pedido inclua tamb&eacute;m fornecimento de medicamentos, devem ser cadastrados os dois assuntos (11885 e 11884).</p>
<p>
	Assunto aprovado na reuni&atilde;o do Comit&ecirc; Gestor de Tabelas em 04/04/2011 e referendado pelo F&oacute;rum da Sa&uacute;de, em plen&aacute;ria, no dia 07/12/2012.</p>
<p>
	&nbsp;</p>
",S,S,S,S,S,S,N,N,S,S,S,S,S,S,N,N,N,N,N,N,N,N,N,N,N,N,N,N,N,CF,96,N,N,N,I,2011-12-16 00:00:00,marivaldodantas,2019-07-04 16:36:44,carlsmith
2025-09-11 16:34:41,11993,11854.0,Internação Compulsória,"<p>
	Casos onde se pretende o pagamento de um sal&aacute;rio m&iacute;nimo, garantido aos idosos com 65 anos ou mais que n&atilde;o tenham meios de prover a pr&oacute;pria subsist&ecirc;ncia nem de t&ecirc;-la provida por sua fam&iacute;lia.</p>
",S,S,N,N,N,N,N,N,S,S,N,N,N,N,N,N,N,N,N,N,N,N,N,N,N,N,S,S,N,,,N,N,N,I,2014-05-29 00:00:00,carl.smith,2019-07-04 16:36:29,carlsmith
2025-09-11 16:34:41,11994,11854.0,Internação Voluntária,"<p>
	Casos onde se pretende o pagamento de um sal&aacute;rio m&iacute;nimo, garantido aos idosos com 65 anos ou mais que n&atilde;o tenham meios de prover a pr&oacute;pria subsist&ecirc;ncia nem de t&ecirc;-la provida por sua fam&iacute;lia.</p>
",S,S,N,N,N,N,N,N,S,S,N,N,N,N,N,N,N,N,N,N,N,N,N,N,N,N,N,S,N,,,N,N,N,I,2014-05-29 00:00:00,carl.smith,2019-07-04 16:36:33,carlsmith
2025-09-11 16:34:41,11995,11854.0,Internação Involuntária,"<p>
	Casos onde se pretende o pagamento de um sal&aacute;rio m&iacute;nimo, garantido aos idosos com 65 anos ou mais que n&atilde;o tenham meios de prover a pr&oacute;pria subsist&ecirc;ncia nem de t&ecirc;-la provida por sua fam&iacute;lia.</p>
",S,S,N,N,N,N,N,N,S,S,N,N,N,N,N,N,N,N,N,N,N,N,N,N,N,N,S,S,N,,,N,N,N,I,2014-05-29 00:00:00,carl.smith,2019-07-04 16:36:31,carlsmith
2025-09-11 16:34:41,12000,11818.0,"Requisição de tratamento médico, psicológico ou psiquiátrico, em regime hospitalar ou ambulatorial","<p>
	&nbsp;</p>
<div style=""text-align: justify; text-indent: 35px;"">
	Assunto a ser usado quando a medida de prote&ccedil;&atilde;o &quot;<span style=""color: rgb(0, 0, 0); font-family: Arial; font-size: small;"">requisi&ccedil;&atilde;o de tratamento m&eacute;dico, psicol&oacute;gico ou psiqui&aacute;trico, em regime hospitalar ou ambulatorial&quot;&nbsp;</span>for objeto dos autos.</div>
",S,S,N,N,N,N,N,N,N,N,N,N,N,N,N,N,N,N,N,N,N,N,N,N,N,N,S,S,N,ECA,"101, V",N,N,N,A,2014-06-02 00:00:00,carl.smith,,
2025-09-11 16:34:41,12030,10688.0,Internação Compulsória,"<p>
	Discuss&otilde;es acerca das medidas s&oacute;cio-educativas a serem aplicadas em decorr&ecirc;ncia de ato infracional de menor. Um ou mais dos sub assuntos dever&atilde;o ser vinculados &agrave; classe Execu&ccedil;&atilde;o de Medidas S&oacute;cio Educativas, de acordo com a(s) medida(s) que est&aacute;(&atilde;o) sendo executada(s).</p>",S,S,N,N,N,N,N,N,N,N,N,N,N,N,N,N,N,N,N,N,N,N,N,N,N,N,S,S,N,,,S,N,N,A,2014-07-16 00:00:00,carl.smith,2018-06-27 10:23:08,pedro.amorim
2025-09-11 16:34:41,12222,6233.0,Fornecimento de medicamentos,"<p>
	Abrange as a&ccedil;&otilde;es ajuizadas em face de Plano de Assist&ecirc;ncia M&eacute;dica, Seguro Sa&uacute;de e Sistemas de auto-gest&atilde;o visando o fornecimento de medicamentos. Lei n. 9.656/99. Artigo 54, do C.D.C.</p>
",S,S,S,S,N,S,N,N,S,S,S,S,S,S,N,N,N,N,N,N,N,N,N,N,N,N,S,S,N,Lei n. 9.656/99 e Lei n. 8.078/90 (C.D.C.),"Art. 54, do CDC",N,N,N,I,2018-06-25 00:00:00,pedro.amorim,2019-07-04 16:37:34,carlsmith
2025-09-11 16:34:41,12223,6233.0,Tratamento médico-hospitalar,"<p>
	Abrange as a&ccedil;&otilde;es ajuizadas em face de Plano de Assist&ecirc;ncia M&eacute;dica, Seguro Sa&uacute;de e Sistemas de auto-gest&atilde;o, visando tratamento m&eacute;dico-hosp&iacute;talar que n&atilde;o seja UTI ou UCI. Lei n. 9.656/99. Artigo 54, do C.D.C.</p>
",S,S,S,S,N,S,N,N,S,S,S,S,S,S,N,N,N,N,N,N,N,N,N,N,N,N,S,S,N,Lei 9656/1999 c/c CDC,54. dp CDC,N,N,N,I,2018-06-25 00:00:00,pedro.amorim,2019-07-04 16:37:39,carlsmith
2025-09-11 16:34:41,12224,6233.0,Unidade de terapia intensiva (UTI) ou Unidade de cuidados intensivos (UCI),"<p>
	Abrange as a&ccedil;&otilde;es ajuizadas em face de Plano de Assist&ecirc;ncia M&eacute;dica, Seguro Sa&uacute;de e Sistemas de auto-gest&atilde;o, visando UTI ou UCI. Lei n. 9.656/99. Artigo 54, do C.D.C.</p>
",S,S,S,S,N,S,N,N,S,S,S,S,S,S,N,N,N,N,N,N,N,N,N,N,N,N,S,S,N,Lei 9.656/1999 c/c CDC,"54, do CDC",N,N,N,I,2018-06-25 00:00:00,pedro.amorim,2019-07-04 16:37:43,carlsmith
2025-09-11 16:34:41,12225,6233.0,Reajuste contratual,"<p>
	Abrange as a&ccedil;&otilde;es ajuizadas em face de Plano de Assist&ecirc;ncia M&eacute;dica, Seguro Sa&uacute;de e Sistemas de auto-gest&atilde;o em raz&atilde;o de reajuste contratual. Lei n. 9.656/99. Artigo 54, do C.D.C.</p>
",S,S,S,S,N,S,N,N,S,S,S,S,S,S,N,N,N,N,N,N,N,N,N,N,N,N,S,S,N,Lei 9.656/1999 c/c CDC,"54, do CDC",N,N,N,I,2018-06-25 00:00:00,pedro.amorim,2019-07-04 16:37:35,carlsmith
2025-09-11 16:34:41,12480,,DIREITO DA SAÚDE,,S,S,S,S,S,S,S,S,S,S,S,S,S,S,S,N,N,N,N,N,N,N,N,N,N,N,N,N,N,,,N,N,N,A,2019-07-04 00:00:00,marcos.santos,2019-07-04 15:54:31,carlsmith
2025-09-11 16:34:41,12481,12480.0,Pública,,S,S,S,S,S,S,S,S,S,S,S,S,S,S,S,N,N,N,N,N,N,N,N,N,N,N,S,S,N,,,N,N,N,A,2019-07-04 00:00:00,carlsmith,,
2025-09-11 16:34:41,12482,12480.0,Suplementar,,S,S,S,S,S,S,S,S,S,S,S,S,S,S,S,N,N,N,N,N,N,N,N,N,N,N,S,S,N,,,N,N,N,A,2019-07-04 00:00:00,carlsmith,,
2025-09-11 16:34:41,12483,12481.0,Internação/Transferência Hospitalar,,S,S,S,S,S,S,S,S,S,S,S,S,S,S,S,N,N,N,N,N,N,N,N,N,N,N,S,S,N,,,N,N,N,A,2019-07-04 00:00:00,carlsmith,,
2025-09-11 16:34:41,12484,12481.0,Fornecimento de medicamentos,,S,S,S,S,S,S,S,S,S,S,S,S,S,S,S,N,N,N,N,N,N,N,N,N,N,N,S,S,N,,,N,N,N,A,2019-07-04 00:00:00,carlsmith,,
2025-09-11 16:34:41,12485,12481.0,Fornecimento de insumos,,S,S,S,S,S,S,S,S,S,S,S,S,S,S,S,N,N,N,N,N,N,N,N,N,N,N,S,S,N,,,N,N,N,A,2019-07-04 00:00:00,carlsmith,2019-07-04 15:30:13,carlsmith
2025-09-11 16:34:41,12486,12482.0,Planos de saúde,,S,S,S,S,S,S,S,S,S,S,S,S,S,S,S,N,N,N,N,N,N,N,N,N,N,N,S,S,N,,,N,N,N,A,2019-07-04 00:00:00,carlsmith,,
2025-09-11 16:34:41,12487,12486.0,Fornecimento de medicamentos,,S,S,S,S,S,S,S,S,S,S,S,S,S,S,S,N,N,N,N,N,N,N,N,N,N,N,S,S,N,,,N,N,N,A,2019-07-04 00:00:00,carlsmith,,
2025-09-11 16:34:41,12488,12486.0,Reajuste contratual,,S,S,S,S,S,S,S,S,S,S,S,S,S,S,S,N,N,N,N,N,N,N,N,N,N,N,S,S,N,,,N,N,N,A,2019-07-04 00:00:00,carlsmith,,
2025-09-11 16:34:41,12489,12486.0,Tratamento médico-hospitalar,,S,S,S,S,S,S,S,S,S,S,S,S,S,S,S,N,N,N,N,N,N,N,N,N,N,N,S,S,N,,,N,N,N,A,2019-07-04 00:00:00,carlsmith,,
2025-09-11 16:34:41,12490,12486.0,Fornecimento de insumos,,S,S,S,S,S,S,S,S,S,S,S,S,S,S,S,N,N,N,N,N,N,N,N,N,N,N,S,S,N,,,N,N,N,A,2019-07-04 00:00:00,carlsmith,,
2025-09-11 16:34:41,12491,12481.0,Tratamento médico-hospitalar,,S,S,S,S,S,S,S,S,S,S,S,S,S,S,S,N,N,N,N,N,N,N,N,N,N,N,S,S,N,,,N,N,N,A,2019-07-04 00:00:00,carlsmith,2019-07-04 15:35:58,carlsmith
2025-09-11 16:34:41,12492,12484.0,Registrado na ANVISA,,S,S,S,S,S,S,S,S,S,S,S,S,S,S,S,N,N,N,N,N,N,N,N,N,N,N,S,S,N,,,N,N,N,A,2019-07-04 00:00:00,carlsmith,,
2025-09-11 16:34:41,12493,12484.0,Sem registro na ANVISA,,S,S,S,S,S,S,S,S,S,S,S,S,S,S,S,N,N,N,N,N,N,N,N,N,N,N,S,S,N,,,N,N,N,A,2019-07-04 00:00:00,carlsmith,,
2025-09-11 16:34:41,12494,12492.0,Padronizado,,S,S,S,S,S,S,S,S,S,S,S,S,S,S,S,N,N,N,N,N,N,N,N,N,N,N,S,S,N,,,N,N,N,A,2019-07-04 00:00:00,carlsmith,,
2025-09-11 16:34:41,12495,12492.0,Não padronizado,,S,S,S,S,S,S,S,S,S,S,S,S,S,S,S,N,N,N,N,N,N,N,N,N,N,N,S,S,N,,,N,N,N,A,2019-07-04 00:00:00,carlsmith,,
2025-09-11 16:34:41,12496,12484.0,Oncológico,,S,S,S,S,S,S,S,S,S,S,S,S,S,S,S,N,N,N,N,N,N,N,N,N,N,N,S,S,N,,,N,N,N,A,2019-07-04 00:00:00,carlsmith,,
2025-09-11 16:34:41,12497,12485.0,Curativos/Bandagem,,S,S,S,S,S,S,S,S,S,S,S,S,S,S,S,N,N,N,N,N,N,N,N,N,N,N,S,S,N,,,N,N,N,A,2019-07-04 00:00:00,carlsmith,,
2025-09-11 16:34:41,12498,12485.0,Cadeira de rodas / cadeira de banho / cama hospitalar,,S,S,S,S,S,S,S,S,S,S,S,S,S,S,S,N,N,N,N,N,N,N,N,N,N,N,S,S,N,,,N,N,N,A,2019-07-04 00:00:00,carlsmith,,
2025-09-11 16:34:41,12499,12485.0,Fraldas,,S,S,S,S,S,S,S,S,S,S,S,S,S,S,S,N,N,N,N,N,N,N,N,N,N,N,S,S,N,,,N,N,N,A,2019-07-04 00:00:00,carlsmith,,
2025-09-11 16:34:41,12500,12491.0,Consulta,,S,S,S,S,S,S,S,S,S,S,S,S,S,S,S,N,N,N,N,N,N,N,N,N,N,N,S,S,N,,,N,N,N,A,2019-07-04 00:00:00,carlsmith,,
2025-09-11 16:34:41,12501,12491.0,Cirurgia,,S,S,S,S,S,S,S,S,S,S,S,S,S,S,S,N,N,N,N,N,N,N,N,N,N,N,S,S,N,,,N,N,N,A,2019-07-04 00:00:00,carlsmith,,
2025-09-11 16:34:41,12502,12501.0,Eletiva,,S,S,S,S,S,N,N,N,S,S,S,S,S,S,N,N,N,N,N,N,N,N,N,N,N,N,S,S,N,,,N,N,N,A,2019-07-04 00:00:00,carlsmith,,
2025-09-11 16:34:41,12503,12501.0,Urgência,,S,S,S,S,S,S,N,N,S,S,S,S,S,S,N,N,N,N,N,N,N,N,N,N,N,N,S,S,N,,,N,N,N,A,2019-07-04 00:00:00,carlsmith,,
2025-09-11 16:34:41,12504,12491.0,Diálise/Hemodiálise,,S,S,S,S,S,S,S,S,S,S,S,S,S,S,S,N,N,N,N,N,N,N,N,N,N,N,S,S,N,,,N,N,N,A,2019-07-04 00:00:00,carlsmith,,
2025-09-11 16:34:41,12505,12483.0,Leito de enfermaria / leito oncológico,,S,S,S,S,S,S,S,S,S,S,S,S,S,S,S,N,N,N,N,N,N,N,N,N,N,N,S,S,N,,,N,N,N,A,2019-07-04 00:00:00,carlsmith,,
2025-09-11 16:34:41,12506,12483.0,Unidade de terapia intensiva (UTI) / unidade de cuidados intensivos (UCI),,S,S,S,S,S,S,S,S,S,S,S,S,S,S,S,N,N,N,N,N,N,N,N,N,N,N,S,S,N,,,N,N,N,A,2019-07-04 00:00:00,carlsmith,,
2025-09-11 16:34:41,12507,12480.0,Mental,,S,S,S,S,S,S,S,S,S,S,S,S,S,S,S,N,N,N,N,N,N,N,N,N,N,N,S,S,N,,,N,N,N,A,2019-07-04 00:00:00,carlsmith,2019-07-04 15:54:57,carlsmith
2025-09-11 16:34:41,12508,12507.0,Internação compulsória,,S,S,S,S,S,S,S,S,S,S,S,S,S,S,S,N,N,N,N,N,N,N,N,N,N,N,S,S,N,,,N,N,N,A,2019-07-04 00:00:00,carlsmith,,
2025-09-11 16:34:41,12509,12507.0,Internação involuntária,,S,S,S,S,S,S,S,S,S,S,S,S,S,S,S,N,N,N,N,N,N,N,N,N,N,N,S,S,N,,,N,N,N,A,2019-07-04 00:00:00,carlsmith,,
2025-09-11 16:34:41,12510,12507.0,Internação voluntária,,S,S,S,S,S,S,S,S,S,S,S,S,S,S,S,N,N,N,N,N,N,N,N,N,N,N,S,S,N,,,N,N,N,A,2019-07-04 00:00:00,carlsmith,,
2025-09-11 16:34:41,12511,12481.0,Sistema Único de Saúde (SUS),,S,S,S,S,S,S,S,S,S,S,S,S,S,S,S,N,N,N,N,N,N,N,N,N,N,N,S,S,N,,,N,N,N,A,2019-07-04 00:00:00,carlsmith,2019-07-04 15:59:26,carlsmith
2025-09-11 16:34:41,12512,12511.0,Convênio médico com o SUS,,S,S,S,S,S,S,S,S,S,S,S,S,S,S,S,N,N,N,N,N,N,N,N,N,N,N,S,S,N,,,N,N,N,A,2019-07-04 00:00:00,carlsmith,,
2025-09-11 16:34:41,12513,12511.0,Financiamento do SUS,,S,S,S,S,S,S,S,S,S,S,S,S,S,S,S,N,N,N,N,N,N,N,N,N,N,N,S,S,N,,,N,N,N,A,2019-07-04 00:00:00,carlsmith,,
2025-09-11 16:34:41,12514,12511.0,Reajuste da tabela do SUS,,S,S,S,S,S,S,S,S,S,S,S,S,S,S,S,N,N,N,N,N,N,N,N,N,N,N,S,S,N,,,N,N,N,A,2019-07-04 00:00:00,carlsmith,,
2025-09-11 16:34:41,12515,12511.0,Repasse de verbas do SUS,,S,S,S,S,S,S,S,S,S,S,S,S,S,S,S,N,N,N,N,N,N,N,N,N,N,N,S,S,N,,,N,N,N,A,2019-07-04 00:00:00,carlsmith,,
2025-09-11 16:34:41,12516,12511.0,Ressarcimento do SUS,,S,S,S,S,S,S,S,S,S,S,S,S,S,S,S,N,N,N,N,N,N,N,N,N,N,N,S,S,N,,,N,N,N,A,2019-07-04 00:00:00,carlsmith,,
2025-09-11 16:34:41,12517,12511.0,Terceirização do SUS,,S,S,S,S,S,S,S,S,S,S,S,S,S,S,S,N,N,N,N,N,N,N,N,N,N,N,S,S,N,,,N,N,N,A,2019-07-04 00:00:00,carlsmith,,
2025-09-11 16:34:41,12518,12511.0,Controle Social e Conselhos de Saúde,,S,S,S,S,S,S,S,S,S,S,S,S,S,S,S,N,N,N,N,N,N,N,N,N,N,N,S,S,N,,,N,N,N,A,2019-07-04 00:00:00,carlsmith,,
2025-09-11 16:34:41,12519,12481.0,Vigilância Sanitária e Epidemológica,,S,S,S,S,S,S,S,S,S,S,S,S,S,S,S,N,N,N,N,N,N,N,N,N,N,N,S,S,N,,,N,N,N,A,2019-07-04 00:00:00,carlsmith,,
2025-09-11 16:34:41,12520,12480.0,Genética / Células Tronco,,S,S,S,S,S,S,S,S,S,S,S,S,S,S,S,N,N,N,N,N,N,N,N,N,N,N,S,S,N,,,N,N,N,A,2019-07-04 00:00:00,carlsmith,,
2025-09-11 16:34:41,12521,12480.0,"Doação e transplante de órgãos, tecidos ou partes",,S,S,S,S,S,S,S,S,S,S,S,S,S,S,S,N,N,N,N,N,N,N,N,N,N,N,S,S,N,,,N,N,N,A,2019-07-04 00:00:00,carlsmith,,
2025-09-11 16:34:41,12863,12797.0,Regime Hospitalar ou Domiciliar durante Período de Internação,"<table border=""0"" cellpadding=""0"" cellspacing=""0"" style=""width:1099px;"" width=""1099"">
	<tbody>
		<tr height=""21"">
			<td height=""21"" style=""height:21px;width:1099px;"">
				<table border=""0"" cellpadding=""0"" cellspacing=""0"" style=""width:1099px;"" width=""1099"">
					<tbody>
						<tr height=""21"">
							<td height=""21"" style=""height:21px;width:1099px;"">
								<table border=""0"" cellpadding=""0"" cellspacing=""0"" style=""width:1099px;"" width=""1099"">
									<tbody>
										<tr height=""21"">
											<td height=""21"" style=""height:21px;width:1099px;"">
												Disp&otilde;e sobre a possibilidade de atendimento educacional para aluno internado em regime hospitalar ou domiciliar</td>
										</tr>
									</tbody>
								</table>
							</td>
						</tr>
					</tbody>
				</table>
			</td>
		</tr>
	</tbody>
</table>
<p>
	&nbsp;</p>
",S,S,N,N,N,N,N,N,S,S,N,N,N,N,N,N,N,N,N,N,N,N,N,N,N,N,S,S,N,LDB,4º-A,N,N,N,A,2020-09-23 00:00:00,admin,2021-07-14 11:39:33,pedro.amorim
2025-09-11 16:34:41,12871,12869.0,Licença Saúde,"<p>
	&nbsp;</p>
<table border=""0"" cellpadding=""0"" cellspacing=""0"" style=""width:1099px;"" width=""1099"">
	<tbody>
		<tr height=""21"">
			<td height=""21"" style=""height:21px;width:1099px;"">
				Disp&otilde;e sobre o seguro-doen&ccedil;a ou aux&iacute;lio-enfemidade, os quais s&atilde;o considerados enquanto licen&ccedil;a n&atilde;o remunerada</td>
		</tr>
	</tbody>
</table>
<table border=""0"" cellpadding=""0"" cellspacing=""0"" style=""width:1099px;"" width=""1099"">
	<tbody>
	</tbody>
</table>
<table border=""0"" cellpadding=""0"" cellspacing=""0"" style=""width:1099px;"" width=""1099"">
	<tbody>
		<tr height=""21"">
			<td height=""21"" style=""height:21px;width:1099px;"">
				<table border=""0"" cellpadding=""0"" cellspacing=""0"" style=""width:1099px;"" width=""1099"">
					<tbody>
					</tbody>
				</table>
			</td>
		</tr>
	</tbody>
</table>
<p>
	&nbsp;</p>
",S,S,N,N,N,N,N,N,S,S,N,N,N,N,N,S,S,S,N,N,N,N,N,N,N,N,S,S,N,CLT,476,N,N,N,A,2020-09-23 00:00:00,admin,2021-07-14 11:41:49,pedro.amorim
2025-09-11 16:34:41,13569,2445.0,Programa de Assistência Médica - Benefícios ,,N,N,N,N,N,N,N,N,N,N,N,N,N,N,N,N,N,N,N,N,N,N,N,N,N,N,N,N,N,,,N,N,N,I,2020-11-04 00:00:00,marcos.santos,2020-11-17 17:27:53,pedro.amorim
2025-09-11 16:34:41,13605,8961.0,Plano de Saúde ,,N,N,N,N,N,N,N,N,N,N,N,N,N,N,N,S,S,S,N,N,N,N,N,N,N,N,N,N,N,,,N,N,N,A,2020-11-04 00:00:00,marcos.santos,,
2025-09-11 16:34:41,13739,13735.0,Programa de Assistência Médica - Benefícios,,N,N,N,N,N,N,N,N,N,N,N,N,N,N,N,S,S,S,N,N,N,N,N,N,N,N,N,N,N,,,N,N,N,A,2020-11-17 00:00:00,pedro.amorim,,
2025-09-11 16:34:41,13853,13831.0,Plano de Saúde,"<p>
	Art. 268. Causar inc&ecirc;ndio em lugar sujeito &agrave; administra&ccedil;&atilde;o militar, expondo a perigo a vida, a integridade f&iacute;sica ou o patrim&ocirc;nio de outrem: Pena - reclus&atilde;o, de tr&ecirc;s a oito anos. &sect; 1&ordm; A pena &eacute; agravada:</p>
",N,N,N,N,N,N,N,N,N,N,N,N,N,N,N,S,S,S,N,N,N,N,N,N,N,N,N,N,N,,,N,N,N,A,2020-11-17 00:00:00,pedro.amorim,,
2025-09-11 16:34:41,14679,12467.0,Explosão da Fábrica de Fogos de Santo Antônio de Jesus/BA,"<p>
	Assunto desativado em raz&atilde;o da cria&ccedil;&atilde;o de assunto similar na &aacute;rvore 15105 - Senten&ccedil;as da Corte Interamericana de Direitos Humanos.</p>
<p>
	<span style=""color: rgb(74, 95, 140); font-family: Verdana, Arial, Helvetica, sans-serif; font-size: 11px;"">Considerando o quanto deliberado e aprovado pelo Grupo Gestor Local das Tabelas Processuais Unificadas do Tribunal de Justi&ccedil;a da Bahia, venho, por meio do presente, apresentar sugest&atilde;o de cria&ccedil;&atilde;o do assunto EXPLOS&Atilde;O DA F&Aacute;BRICA DE FOGOS DE SANTO ANT&Ocirc;NIO DE JESUS/BA, dentro da hierarquia 12467, que trata de quest&otilde;es de alta complexidade, grande impacto e repercuss&atilde;o.</span><br style=""color: rgb(74, 95, 140); font-family: Verdana, Arial, Helvetica, sans-serif; font-size: 11px;"" />
	<br style=""color: rgb(74, 95, 140); font-family: Verdana, Arial, Helvetica, sans-serif; font-size: 11px;"" />
	<span style=""color: rgb(74, 95, 140); font-family: Verdana, Arial, Helvetica, sans-serif; font-size: 11px;"">Destaco que este Tribunal de Justi&ccedil;a recebeu Of&iacute;cio n. 1.024/GP, da lavra do Exmo. Presidente do Conselho Nacional de Justi&ccedil;a, Ministro Luiz Lux, informando que acolheu as sugest&otilde;es de encaminhamentos constantes no relat&oacute;rio referente &agrave; condena&ccedil;&atilde;o da Rep&uacute;blica Federativa do Brasil pela Corte Interamericana de Direito Humanos, no caso Empregados da f&aacute;brica de fogos de Santo Ant&ocirc;nio de Jesus e seus familiares vs. Brasil.</span><br style=""color: rgb(74, 95, 140); font-family: Verdana, Arial, Helvetica, sans-serif; font-size: 11px;"" />
	<br style=""color: rgb(74, 95, 140); font-family: Verdana, Arial, Helvetica, sans-serif; font-size: 11px;"" />
	<span style=""color: rgb(74, 95, 140); font-family: Verdana, Arial, Helvetica, sans-serif; font-size: 11px;"">Nesse sentido, foi determinado que este Tribunal de Justi&ccedil;a da Bahia envidasse esfor&ccedil;os no sentido de acompanhar os andamentos dos processos relativos ao caso supracitado, motivo pelo qual prop&otilde;e-se a cria&ccedil;&atilde;o do assunto em quest&atilde;o.</span></p>
",S,S,S,S,S,S,S,S,S,S,S,S,S,S,S,S,S,S,S,S,S,S,S,N,N,N,S,S,S,Portaria Conjunta CNJ e CNMP nº 1/2019,2º,N,S,N,I,2021-05-18 00:00:00,pedro.amorim,2022-06-10 16:17:03,pedro.amorim
2025-09-11 16:34:41,14690,3388.0,Condicionamento de Atendimento Médico Hospitalar Emergencial,"<p class=""texto2"">
	<font face=""Arial"" size=""2"" style=""color: rgb(0, 0, 0); font-size: small;"">&nbsp; Art.&nbsp;135-A.&nbsp; Exigir cheque-cau&ccedil;&atilde;o, nota promiss&oacute;ria ou qualquer garantia, bem como o preenchimento pr&eacute;vio de formul&aacute;rios administrativos, como condi&ccedil;&atilde;o para o atendimento m&eacute;dico-hospitalar emergencial: &nbsp;<a href=""http://www.planalto.gov.br/ccivil_03/_Ato2011-2014/2012/Lei/L12653.htm#art1"">(Inclu&iacute;do pela Lei n&ordm; 12.653, de 2012).</a></font></p>
<p class=""texto2"">
	<font face=""Arial"" size=""2"" style=""color: rgb(0, 0, 0); font-size: small;"">&nbsp;&nbsp;&nbsp;&nbsp;&nbsp;&nbsp;&nbsp; Pena - deten&ccedil;&atilde;o, de 3 (tr&ecirc;s) meses a 1 (um) ano, e multa.&nbsp;<a href=""http://www.planalto.gov.br/ccivil_03/_Ato2011-2014/2012/Lei/L12653.htm#art1"">(Inclu&iacute;do pela Lei n&ordm; 12.653, de 2012).</a></font></p>
<p class=""texto2"" style=""color: rgb(0, 0, 0); font-family: &quot;Times New Roman&quot;; font-size: small;"">
	<font face=""Arial"" size=""2"">&nbsp;&nbsp;&nbsp;&nbsp;&nbsp;&nbsp;&nbsp; Par&aacute;grafo &uacute;nico.&nbsp; A pena &eacute; aumentada at&eacute; o dobro se da negativa de atendimento resulta les&atilde;o corporal de natureza grave, e at&eacute; o triplo se resulta a morte.&nbsp;<a href=""http://www.planalto.gov.br/ccivil_03/_Ato2011-2014/2012/Lei/L12653.htm#art1"">(Inclu&iacute;do pela Lei n&ordm; 12.653, de 2012).</a></font></p>
",S,S,S,S,N,S,N,N,N,N,N,N,N,N,N,N,N,N,N,N,N,N,N,N,N,N,S,S,N,CP,135-A,N,N,N,A,2021-05-28 00:00:00,pedro.amorim,,
2025-09-11 16:34:41,14691,9648.0,Condicionamento de Atendimento Médico Hospitalar Emergencial (Art. 135-A),"<p class=""texto2"">
	<font face=""Arial"" size=""2"" style=""color: rgb(0, 0, 0); font-size: small;"">&nbsp; Art.&nbsp;135-A.&nbsp; Exigir cheque-cau&ccedil;&atilde;o, nota promiss&oacute;ria ou qualquer garantia, bem como o preenchimento pr&eacute;vio de formul&aacute;rios administrativos, como condi&ccedil;&atilde;o para o atendimento m&eacute;dico-hospitalar emergencial: &nbsp;<a href=""http://www.planalto.gov.br/ccivil_03/_Ato2011-2014/2012/Lei/L12653.htm#art1"">(Inclu&iacute;do pela Lei n&ordm; 12.653, de 2012).</a></font></p>
<p class=""texto2"">
	<font face=""Arial"" size=""2"" style=""color: rgb(0, 0, 0); font-size: small;"">&nbsp;&nbsp;&nbsp;&nbsp;&nbsp;&nbsp;&nbsp; Pena - deten&ccedil;&atilde;o, de 3 (tr&ecirc;s) meses a 1 (um) ano, e multa.&nbsp;<a href=""http://www.planalto.gov.br/ccivil_03/_Ato2011-2014/2012/Lei/L12653.htm#art1"">(Inclu&iacute;do pela Lei n&ordm; 12.653, de 2012).</a></font></p>
<p class=""texto2"" style=""color: rgb(0, 0, 0); font-family: &quot;Times New Roman&quot;; font-size: small;"">
	<font face=""Arial"" size=""2"">&nbsp;&nbsp;&nbsp;&nbsp;&nbsp;&nbsp;&nbsp; Par&aacute;grafo &uacute;nico.&nbsp; A pena &eacute; aumentada at&eacute; o dobro se da negativa de atendimento resulta les&atilde;o corporal de natureza grave, e at&eacute; o triplo se resulta a morte.&nbsp;<a href=""http://www.planalto.gov.br/ccivil_03/_Ato2011-2014/2012/Lei/L12653.htm#art1"">(Inclu&iacute;do pela Lei n&ordm; 12.653, de 2012).</a></font></p>
",S,S,N,N,N,N,N,N,N,N,N,N,N,N,N,N,N,N,N,N,N,N,N,N,N,N,S,S,N,CP,135-A,N,N,N,A,2021-05-28 00:00:00,pedro.amorim,,
2025-09-11 16:34:41,14749,10718.0,"Gratificação de Desempenho da Carreira da Previdência, da Saúde e do Trabalho - GDPST","<p>
	<span style=""color: rgb(74, 95, 140); font-family: Verdana, Arial, Helvetica, sans-serif; font-size: 11px; font-style: normal; font-variant-ligatures: normal; font-variant-caps: normal; font-weight: 400; letter-spacing: normal; orphans: 2; text-align: left; text-indent: 0px; text-transform: none; white-space: normal; widows: 2; word-spacing: 0px; -webkit-text-stroke-width: 0px; background-color: rgb(250, 250, 251); text-decoration-thickness: initial; text-decoration-style: initial; text-decoration-color: initial; display: inline !important; float: none;"">Classificar com este assunto os processos em que haja discuss&otilde;es a respeito da Gratifica&ccedil;&atilde;o de Desempenho da Carreira da Previd&ecirc;ncia, da Sa&uacute;de e do Trabalho - GDPST, que compunha a a estrutura remunerat&oacute;ria dos servidores integrantes da Carreira da Previd&ecirc;ncia, da Sa&uacute;de e do Trabalho.</span></p>
",N,N,N,N,N,N,N,N,S,S,S,S,S,S,N,N,N,N,N,N,N,N,N,N,N,N,S,S,N,Lei 11.355/2006,"5º, II e 5º-B",N,N,N,A,2021-07-30 00:00:00,pedro.amorim,,
2025-09-11 16:34:41,14759,12481.0,Tratamento Domiciliar (Home Care),"<p>
	<span style=""color: rgb(74, 95, 140); font-family: Verdana, Arial, Helvetica, sans-serif; font-size: 11px; font-style: normal; font-variant-ligatures: normal; font-variant-caps: normal; font-weight: 400; letter-spacing: normal; orphans: 2; text-align: left; text-indent: 0px; text-transform: none; white-space: normal; widows: 2; word-spacing: 0px; -webkit-text-stroke-width: 0px; background-color: rgb(250, 250, 251); text-decoration-thickness: initial; text-decoration-style: initial; text-decoration-color: initial; display: inline !important; float: none;"">Demandas em que se busca a inclus&atilde;o de paciente no Programa de Tratamento Domiciliar (Home Care).</span></p>
",S,S,S,S,S,S,N,N,S,S,S,S,S,S,N,N,N,N,N,N,N,N,N,N,N,N,S,S,N,Lei 8.080/1990,2º,N,N,N,A,2021-07-30 00:00:00,pedro.amorim,,
2025-09-11 16:34:41,14760,12482.0,Tratamento Domiciliar (Home Care),"<p>
	<span style=""color: rgb(74, 95, 140); font-family: Verdana, Arial, Helvetica, sans-serif; font-size: 11px; font-style: normal; font-variant-ligatures: normal; font-variant-caps: normal; font-weight: 400; letter-spacing: normal; orphans: 2; text-align: left; text-indent: 0px; text-transform: none; white-space: normal; widows: 2; word-spacing: 0px; -webkit-text-stroke-width: 0px; background-color: rgb(250, 250, 251); text-decoration-thickness: initial; text-decoration-style: initial; text-decoration-color: initial; display: inline !important; float: none;"">Demandas em que se busca a inclus&atilde;o de paciente no Programa de Tratamento Domiciliar (Home Care).</span></p>
",S,S,S,S,N,S,N,N,N,N,N,N,N,N,N,N,N,N,N,N,N,N,N,N,N,N,S,S,N,Lei 8.080/1990,2º,N,N,N,A,2021-07-30 00:00:00,pedro.amorim,2021-07-30 17:33:07,pedro.amorim
2025-09-11 16:34:41,14883,6077.0,Fundo de Saúde do Exército - FUSEX,,N,N,N,N,N,N,N,N,N,N,N,N,N,N,N,N,N,N,N,N,N,N,N,N,N,N,N,N,N,,,N,N,N,I,2021-09-29 00:00:00,pedro.amorim,2021-09-29 17:00:33,pedro.amorim
2025-09-11 16:34:41,14884,6082.0,Fundo de Saúde do Exército - FUSEX,"<p>
	Cadastrar a&ccedil;&otilde;es em que se discute direito &agrave; assist&ecirc;ncia m&eacute;dica e hospitalar, contribui&ccedil;&otilde;es, dependentes ou quest&otilde;es afins ao fundo de sa&uacute;de do Ex&eacute;rcito.</p>
",N,N,N,N,N,N,N,N,S,S,S,S,S,S,N,N,N,N,N,N,N,N,N,N,N,N,S,S,N,Lei 6.880/1980; Portaria 049/2008 DGP; Decreto 92512/1986,"50, § 2º",N,N,N,A,2021-09-29 00:00:00,pedro.amorim,,
2025-09-11 16:34:41,14885,6082.0,Fundo de Saúde da Aeronáutica - FUNSA,"<p>
	Cadastrar a&ccedil;&otilde;es em que se discuta direito &agrave; assist&ecirc;ncia m&eacute;dica e hospitalar, contribui&ccedil;&otilde;es, dependentes ou quest&otilde;es afins ao fundo de sa&uacute;de da Aeron&aacute;utica.</p>
",N,N,N,N,N,N,N,N,S,S,S,S,S,S,N,N,N,N,N,N,N,N,N,N,N,N,S,S,N,Lei 6880/1980; Decreto 92512/1986,"50, § 2º",N,N,N,A,2021-09-29 00:00:00,pedro.amorim,,
2025-09-11 16:34:41,14886,6082.0,Fundo de Saúde da Marinha - FUSMA,"<p>
	Cadastrar a&ccedil;&otilde;es em que se discuta direito &agrave; assist&ecirc;ncia m&eacute;dica e hospitalar, contribui&ccedil;&otilde;es, dependentes ou quest&otilde;es afins ao fundo de sa&uacute;de da Marinha.</p>
",N,N,N,N,N,N,N,N,S,S,S,S,S,S,N,N,N,N,N,N,N,N,N,N,N,N,S,S,N,Lei 6880/1980; Decreto 92512/1987,"50, § 2º",N,N,N,A,2021-09-29 00:00:00,pedro.amorim,,
2025-09-11 16:34:41,14887,6048.0,Adicional de Plantão Hospitalar,"<p>
	Classificar a&ccedil;&otilde;es em que se discute a exig&ecirc;ncia da contribui&ccedil;&atilde;o previdenci&aacute;ria incidente sobre o Adicional de Plant&atilde;o Hospitalar.</p>
",N,N,N,N,N,N,N,N,S,S,S,S,S,S,N,N,N,N,N,N,N,N,N,N,N,N,S,S,N,CF; Lei 10.887/2004; Lei 11.907/2009,40 (CF); 4º (Lei 10.887/2004); 304 (Lei 11.907/2009),N,N,N,A,2021-09-29 00:00:00,pedro.amorim,2021-09-29 17:20:11,pedro.amorim
2025-09-11 16:34:41,14996,5933.0,Redução de Alíquota IR/CSLL - Serviços Hospitalares,"<p>
	Discuss&atilde;o acerca da forma de interpreta&ccedil;&atilde;o da express&atilde;o servi&ccedil;os hospitalares prevista na Lei 9.429/95, para fins de obten&ccedil;&atilde;o da redu&ccedil;&atilde;o de al&iacute;quota do IRPJ (8%) e da CSLL (12%), preconizadas em seus arts. 15, &sect;1&ordm;, III, a, e 20.</p>
",N,N,N,N,N,N,N,N,S,S,S,S,S,N,N,N,N,N,N,N,N,N,N,N,N,N,S,S,N,Lei 9.249/1995; Lei 10.684/2003; Lei 11.727/2008,"2º; 15, III, a; 20",N,N,N,A,2021-12-03 00:00:00,pedro.amorim,,
2025-09-11 16:34:41,15054,5957.0,Taxa de Fiscalização de Vigilância Sanitária,"<p>
	Discuss&otilde;es acerca da incid&ecirc;ncia da Taxa de Fiscaliza&ccedil;&atilde;o de Vigil&acirc;ncia Sanit&aacute;ria.</p>
",N,N,N,N,N,N,N,N,S,S,S,S,S,S,N,N,N,N,N,N,N,N,N,N,N,N,S,S,N,Lei n. 9.782/1999,23,N,N,N,A,2022-06-01 00:00:00,pedro.amorim,,
2025-09-11 16:34:41,15116,15105.0,Caso dos(as) Empregados(as) da Fábrica de Fogos de Santo Antônio de Jesus e seus Familiares vs. Brasil,"<p>
	Assunto a ser indexado em todos os processos judiciais nacionais relacionados &agrave;s decis&otilde;es e delibera&ccedil;&otilde;es da Corte Interamericana de Direitos Humanos referentes ao &quot;Caso dos(as) Empregados(as) da F&aacute;brica de Fogos de Santo Ant&ocirc;nio de Jesus e seus Familiares vs. Brasil&quot;.</p>
<p>
	Resolu&ccedil;&atilde;o CNJ n. 364<br />
	Art. 1&ordm; Fica institu&iacute;da no &acirc;mbito deste Conselho a Unidade de Monitoramento e Fiscaliza&ccedil;&atilde;o das decis&otilde;es e delibera&ccedil;&otilde;es da Corte Interamericana de Direitos Humanos envolvendo o Estado brasileiro, vinculada ao Departamento de Monitoramento e Fiscaliza&ccedil;&atilde;o do Sistema Carcer&aacute;rio e do Sistema de Execu&ccedil;&atilde;o de Medidas Socioeducativas (DMF).<br />
	Par&aacute;grafo &uacute;nico. Para os fins desta Resolu&ccedil;&atilde;o, entende-se por decis&otilde;es e delibera&ccedil;&otilde;es da Corte Interamericana de Direitos Humanos as senten&ccedil;as, medidas provis&oacute;rias e opini&otilde;es consultivas proferidas pela Corte.<br />
	<br />
	Art. 2&ordm; A Unidade de Monitoramento e Fiscaliza&ccedil;&atilde;o ter&aacute; as seguintes atribui&ccedil;&otilde;es, dentre outras:<br />
	[...]<br />
	IV - solicitar informa&ccedil;&otilde;es e monitorar a tramita&ccedil;&atilde;o dos processos e procedimentos relativos &agrave; repara&ccedil;&atilde;o material e imaterial das v&iacute;timas de viola&ccedil;&otilde;es a direitos humanos determinadas pela Corte Interamericana de Direitos Humanos em tramita&ccedil;&atilde;o no pa&iacute;s que tratem de forma direta ou indireta de obriga&ccedil;&otilde;es relacionadas a decis&otilde;es e delibera&ccedil;&otilde;es da Corte Interamericana de Direitos Humanos envolvendo o Estado brasileiro e que estejam pendentes de cumprimento integral;<br />
	<br />
	Recomenda&ccedil;&atilde;o CNJ n. 123<br />
	Art. 1&ordm; Recomendar aos &oacute;rg&atilde;os do Poder Judici&aacute;rio:<br />
	I - a observ&acirc;ncia dos tratados e conven&ccedil;&otilde;es internacionais de direitos humanos em vigor no Brasil e a utiliza&ccedil;&atilde;o da jurisprud&ecirc;ncia da Corte Interamericana de Direitos Humanos (Corte IDH), bem como a necessidade de controle de convencionalidade das leis internas.<br />
	II - a prioriza&ccedil;&atilde;o do julgamento dos processos em tramita&ccedil;&atilde;o relativos &agrave; repara&ccedil;&atilde;o material e imaterial das v&iacute;timas de viola&ccedil;&otilde;es a direitos humanos determinadas pela Corte Interamericana de Direitos Humanos em condena&ccedil;&otilde;es envolvendo o Estado brasileiro e que estejam pendentes de cumprimento integral.&quot;<br />
	<br />
	&nbsp;</p>
",S,S,S,S,S,S,S,S,S,S,S,S,S,S,S,S,S,S,S,S,S,S,S,S,S,S,S,S,S,Resolução CNJ n. 364; Recomendação CNJ n. 123,"1º e 2º, IV (Res. 364); 1º (Rec. 123)",N,S,N,A,2022-06-10 00:00:00,pedro.amorim,,
2023-06-16 19:23:45,15218,12480.0,Autorização para Interrupção de Gravidez (Aborto),"<p align=""JUSTIFY"" style=""color: rgb(0, 0, 0); font-family: &quot;Times New Roman&quot;; font-size: small;"">
	Este assunto pode ser utilizado em feitos c&iacute;veis ou criminais.</p>
<p align=""JUSTIFY"" style=""color: rgb(0, 0, 0); font-family: &quot;Times New Roman&quot;; font-size: small;"">
	<font face=""Arial"">Art. 128 - N&atilde;o se pune o aborto praticado por m&eacute;dico:&nbsp;&nbsp;<a href=""http://www.stf.jus.br/portal/peticaoInicial/verPeticaoInicial.asp?base=ADPF&amp;s1=54&amp;processo=54"">(Vide ADPF 54)</a></font></p>
<p align=""JUSTIFY"" style=""color: rgb(0, 0, 0); font-family: &quot;Times New Roman&quot;; font-size: small;"">
	<b><font face=""Arial"">&nbsp;&nbsp;&nbsp;&nbsp;&nbsp;&nbsp;&nbsp; Aborto necess&aacute;rio</font></b></p>
<p align=""JUSTIFY"" style=""color: rgb(0, 0, 0); font-family: &quot;Times New Roman&quot;; font-size: small;"">
	<font face=""Arial"">&nbsp;&nbsp;&nbsp;&nbsp;&nbsp;&nbsp;&nbsp; I - se n&atilde;o h&aacute; outro meio de salvar a vida da gestante;</font></p>
<p align=""JUSTIFY"" style=""color: rgb(0, 0, 0); font-family: &quot;Times New Roman&quot;; font-size: small;"">
	<b><font face=""Arial"">&nbsp;&nbsp;&nbsp;&nbsp;&nbsp;&nbsp;&nbsp; Aborto no caso de gravidez resultante de estupro</font></b></p>
<p align=""JUSTIFY"" style=""color: rgb(0, 0, 0); font-family: &quot;Times New Roman&quot;; font-size: small;"">
	<font face=""Arial"">&nbsp;&nbsp;&nbsp;&nbsp;&nbsp;&nbsp;&nbsp; II - se a gravidez resulta de estupro e o aborto &eacute; precedido de consentimento da gestante ou, quando incapaz, de seu representante legal.</font></p>
<div>
	&nbsp;</div>
",S,S,N,N,N,N,N,N,N,N,N,N,N,N,N,N,N,N,N,N,N,N,N,N,N,N,S,S,N,Código Penal,128,S,N,N,A,2023-06-13 16:25:20,pedro.amorim,,
2024-11-29 16:22:03,15514,12480.0,Doença Rara,"<p class=""Texto_Justificado"" style=""background-color: rgb(243, 247, 248); font-size: medium; font-family: &quot;Times New Roman&quot;; text-align: justify; overflow-wrap: normal; margin: 6pt; color: rgb(0, 0, 0);"">
	Portaria n&ordm; 199, de 30 de janeiro de 2014, que &quot;institui a Pol&iacute;tica Nacional de Aten&ccedil;&atilde;o Integral &agrave;s Pessoas com Doen&ccedil;as Raras, aprova as Diretrizes para Aten&ccedil;&atilde;o Integral &agrave;s Pessoas com Doen&ccedil;as Raras no &acirc;mbito do Sistema &Uacute;nico de Sa&uacute;de (SUS) e institui incentivos financeiros de custeio&quot;, que tem como objetivo, a teor do art. 4&ordm;, &quot;reduzir a mortalidade, contribuir para a redu&ccedil;&atilde;o da morbimortalidade e das manifesta&ccedil;&otilde;es secund&aacute;rias e a melhoria da qualidade de vida das pessoas, por meio de a&ccedil;&otilde;es de promo&ccedil;&atilde;o, preven&ccedil;&atilde;o, detec&ccedil;&atilde;o precoce, tratamento oportuno redu&ccedil;&atilde;o de incapacidade e cuidados paliativos&quot;.</p>
<p class=""Texto_Justificado"" style=""background-color: rgb(243, 247, 248); font-size: medium; font-family: &quot;Times New Roman&quot;; text-align: justify; overflow-wrap: normal; margin: 6pt; color: rgb(0, 0, 0);"">
	Al&eacute;m disso,&nbsp;<span style=""line-height: 16px;"">por for&ccedil;a do disposto no &sect; 9&ordm; do art. 47 do ECA,&nbsp;</span><span style=""line-height: 16px;"">n&atilde;o &eacute; incomum que a&ccedil;&otilde;es que versam sobre doen&ccedil;a rara sejam ajuizadas em favor de crian&ccedil;as ou adolescentes que t&ecirc;m prioridade de tramita&ccedil;&atilde;o.</span></p>
",S,S,S,S,S,S,N,N,S,S,S,S,S,S,N,N,N,N,N,N,N,N,N,N,N,N,S,S,N, Portaria do Ministério da Saúde 199/2014,1º a 45,N,S,N,A,2024-11-29 14:31:11,pedro.amorim,,
