date,outlet,title,url,theme,summary,paywalled
2025-12-02,Camara dos Deputados,"Judicializacao da saude consome R$ 1,84 bilhao com dez medicamentos mais caros",https://www.camara.leg.br/noticias/1228954-judicializacao-da-saude-consome-r-184-bilhao-com-dez-medicamentos-mais-caros,budget_pressure,"R$1.84 billion spent on just ten judicially ordered medications. R$2.7 billion annual bill equals one-third of Mais Medicos, nearly half of Brasil Sorridente, one-fifth of immunization program, and the entire SAMU budget -- serving only 6,000 patients.",no
2025-05-27,Agencia Brasil,"Judicializacao representa um terco do gasto estadual com medicamentos",https://agenciabrasil.ebc.com.br/saude/noticia/2025-05/judicializacao-representa-um-terco-dos-gastos-estaduais-com-remedios,budget_pressure,"IPEA study: judicialized medication spending averaged 32.9% of total state medication budgets in 2023. New health lawsuits jumped from 76,836 in 2020 to 162,046 in 2024 (110.9% increase).",no
2025-05,IPEA,"Judicializacao corresponde a quase 33% dos gastos em medicamentos de estados brasileiros",https://www.ipea.gov.br/portal/categorias/45-todas-as-noticias/noticias/15830-judicializacao-corresponde-a-quase-33-dos-gastos-em-medicamentos-de-estados-brasileiros,budget_pressure,"Municipalities increased medication spending by 40% vs 2019 while federal transfers fell 21% and state transfers fell 22%. Small municipalities (under 5,000 inhabitants) had highest per capita judicial medication cost at R$81.75.",no
2025-08,Diario do Para,"Ministerio Saude paga R$ 2,7 bilhoes com medicamentos judicializados e teme explosao de custos",https://diariodopara.com.br/noticias/brasil/ministerio-saude-paga-r-27-bilhoes-com-medicamentos-judicializados-e-teme-explosao-de-custos,budget_pressure,"Ministry of Health spent R$2.73 billion on judicially ordered medications in 2024, up from R$1.8 billion in 2022 (50% increase in two years). Gene therapy Elevidys (R$14.6 million/patient) could cause cost explosion -- R$3 billion estimated for 213 patients with active lawsuits.",no
2025-08,Regiao News,"Municipio banca mais de 80% dos gastos com medicamentos e judicializacao ja soma R$ 1 milhao em 2025",https://www.regiaonews.com.br/sidrolandia-ms/municipio-banca-mais-de-80-dos-gastos-com-medicamentos-e-judicializacao-ja-soma-r-1-milhao-em-2025,budget_pressure,"Small municipality of Sidrolandia (MS) spent R$1.016 million on judicially ordered medications in first 8 months of 2025, bearing 82% of costs. Receives only R$46,900/month in transfers but spends R$219,700/month of own funds.",no
2025,Medicina S/A,"Judicializacao da saude custou R$ 9,6 bilhoes a Uniao entre 2020 e 2024",https://medicinasa.com.br/judicializacao-custos/,budget_pressure,"Cumulative federal cost of health judicialization between 2020 and 2024 reached R$9.6 billion from 23,046 lawsuits. In 2024 alone, R$2.7 billion -- the highest on record. Eculizumab alone: R$1.77 billion across 2,871 cases.",no
2017-08-23,Portal TCU,"Aumentam os gastos publicos com judicializacao da saude",https://portal.tcu.gov.br/imprensa/noticias/aumentam-os-gastos-publicos-com-judicializacao-da-saude,budget_pressure,"TCU audit: federal spending on health litigation grew from R$70 million in 2008 to R$1 billion in 2015 -- 1,300% increase. Medication supply accounts for 80% of cases. TCU found measures taken by Ministry and states were insufficient.",no
2020-10-22,Conjur,"Decisao judicial nao deve desequilibrar o orcamento, diz Fux",https://www.conjur.com.br/2020-out-22/decisao-judicial-nao-desequilibrar-orcamento-fux/,budget_pressure,"STF Chief Justice Fux relieved municipality of Santa Isabel (SP) from court order to supply eculizumab (~R$860,000/year). Argued solidarity interpretation has deepened inequalities and diverted resources from sanitation and vaccination.",no
2024-10-17,Agencia Brasil,"STF finaliza acordo sobre judicializacao de remedios de alto custo",https://agenciabrasil.ebc.com.br/justica/noticia/2024-10/stf-finaliza-acordo-sobre-judicializacao-de-remedios-de-alto-custo,budget_pressure,"STF finalized agreement with federal/state/municipal governments on high-cost medication lawsuits. Monthly health lawsuits rose from 21,000 in 2020 to 61,000 in 2024, totaling ~600,000 annually.",no
2023-11,Ministerio da Saude,"Ministerio da Saude volta a ressarcir estados e municipios pela judicializacao de medicamentos",https://www.gov.br/saude/pt-br/assuntos/noticias/2023/novembro/ministerio-da-saude-volta-a-ressarcir-estados-e-municipios-pela-judicializacao-de-medicamentos,budget_pressure,"Ministry of Health issued Portaria GM/MS No. 1,805 to resume reimbursing states and municipalities for judicialized medication purchases. Reimbursement had been suspended since 2017.",no
2019-03-18,Portal CNJ,"Demandas judiciais relativas a saude crescem 130% em dez anos",https://www.cnj.jus.br/demandas-judiciais-relativas-a-saude-crescem-130-em-dez-anos/,budget_pressure,"CNJ/Insper study: health judicial demands grew 130% between 2008 and 2017 vs 50% for overall litigation. Identified 498,715 first-instance health proceedings across 17 state courts. Ministry spending grew 13-fold in seven years.",no
2025-04,Conjur,"TJ-RJ recebeu 35 acoes sobre saude por dia nos ultimos 4 anos",https://www.conjur.com.br/2025-abr-17/tj-rj-recebeu-35-acoes-relacionadas-a-saude-por-dia-nos-ultimos-quatro-anos/,budget_pressure,"TJRJ registered 53,157 health lawsuits between 2021-2025 -- 35 new cases per day. State government (55.4%) and Rio municipality (22.4%) together accounted for 78% of all health lawsuits.",no
2025,Correio do Estado,"MS e vice-campeao brasileiro de judicializacao da Saude",https://correiodoestado.com.br/cidades/ms-e-vice-campeao-brasileiro-de-judicializacao-da-saude/460437/,budget_pressure,"Mato Grosso do Sul is second-highest state for per-capita health lawsuits (behind Federal District). Over 18,500 lawsuits in 2025. During 70-day period, 435 judicialization requests (~6/day).",no
2024,The Conversation / Metropoles,"Judicializacao consumiu de 30% a 100% da verba da saude em mais de 250 cidades brasileiras",https://theconversation.com/judicializacao-consumiu-de-30-a-100-da-verba-da-saude-em-mais-de-250-cidades-brasileiras-230387,budget_pressure,"Using DATAJUD data: in 2020, ~270 municipalities spent 30-100% of entire health budgets on judicialized demands. Nearly half of all 5,569 municipalities allocated up to 10% of health budget to judicial compliance.",no
2024,Jornal da Unicamp,"Judicializacao de medicamentos poe em risco sistema publico de saude",https://jornal.unicamp.br/edicao/721/judicializacao-de-medicamentos-poe-em-risco-sistema-publico-de-saude/,budget_pressure,"Campinas spent R$47.7 million on court-ordered pharma assistance (2017-2021). 76% involved items absent from SUS lists, 23.7% were state/federal responsibility. Concluded judicialization risks sustainability of municipal health system.",no
2024-12,Ministerio da Saude,"Pactuada portaria sobre o ressarcimento de medicamentos judicializados",https://www.gov.br/saude/pt-br/assuntos/noticias/2024/dezembro/pactuada-portaria-sobre-o-ressarcimento-de-medicamentos-judicializados,budget_pressure,"CIT approved historic portaria for inter-federative reimbursement of court-ordered ANVISA-registered medications. Ministry to begin payments January 2025, acknowledging unsustainable cost burden on subnational governments.",no
2018-05,Senado Noticias,"Pais busca solucoes para aumento de judicializacao na saude",https://www12.senado.leg.br/noticias/especiais/especial-cidadania/pais-busca-solucoes-para-aumento-de-judicializacao-na-saude,crowd_out,"Senate special report: 130% increase in health lawsuits 2008-2017, spending reaching R$1.6 billion in 2016. R$7 billion/year in judicial sentences means money displaced from other health actions.",no
2025,SES Minas Gerais,"Judicializacao da Saude (institutional page)",https://www.saude.mg.gov.br/judicializacao/,crowd_out,"Minas Gerais Health Department: health judicialization consumes ~11% of state health budget. States that when someone sues for specific treatment, resources meant for collective end up going to single case.",no
2025-08-17,Fala Voce Noticias,"Governo gasta R$ 2,73 bilhoes com medicamentos fornecidos por decisoes judiciais em 2024",https://www.falavoce.com.br/noticias/1359-2025/08/17/governo-gasta-r-2-73-bilhoes-com-medicamentos-fornecidos-por-decisoes-judiciais-em-2024,crowd_out,"In 2024, Ministry spent R$3.2 billion on judicial medication demands: R$1.9 billion from own budget + R$1.3 billion in reimbursements. 70% of five-year spending went to just ten medications.",no
2024-07-07,Conjur,"Labirintos da judicializacao da saude",https://www.conjur.com.br/2024-jul-07/labirintos-da-judicializacao-da-saude/,crowd_out,"Analysis: individualized technology-driven model of judicial healthcare undermines constitutional priority of prevention, primary care, and health surveillance. Favors individual demands at expense of structural policies.",no
2019,SciELO / Revista de Administracao Publica,"Os impactos da judicializacao da saude no municipio de Sao Paulo",https://www.scielo.br/j/rap/a/5YcctKRJTVmQnp5mRHkBBcj/?format=html&lang=pt,crowd_out,"In 2011, judicialization spending in Sao Paulo = 6% of pharma policy budget, 10% of medication/supplies budget. 55% went toward medications that were state/federal responsibility. Three impacts: unequal access, federative imbalance, budget unpredictability.",no
2026-01-04,Tribuna de Minas,"Perspectivas 2026: Municipio encara desafios na Saude e tenta reduzir filas e sobrecarga",https://tribunademinas.com.br/noticias/cidade/04-01-2026/perspectiva-2026-saude.html,crowd_out,"Juiz de Fora (MG) led MG ranking for judicial injunctions on hospitalization/ICU beds. Health Secretary described judicialization as a 'break in the regular flow of bed regulation.' Primary care shows long waits, doctor shortages.",no
2015-12-07,Reporter Brasil,"Lobby da industria farmaceutica poe direito a saude na UTI",https://reporterbrasil.org.br/2015/12/lobby-da-industria-farmaceutica-poe-direito-a-saude-na-uti/,pharma_industry,"Investigative piece: pharmaceutical industry invests heavily in lobby strategies. Between 2008 and 2015, real growth in medicine budget was 74%, but judicialization of medicines grew 1,006%.",no
2015-12,Reporter Brasil,"A polemica receita da Bancada do Medicamento no Congresso",https://reporterbrasil.org.br/2015/12/a-polemica-receita-da-bancada-do-medicamento-no-congresso/,pharma_industry,"Exposes informal 'Bancada do Medicamento' -- eight parliamentarians defending pharma interests. Specific deputies received R$150,000 from Interfarma in 2010. Global pharma sector: ~US$1 trillion annual revenue.",no
2019-02,Reporter Brasil,"Com doacoes de R$ 13 mi, industria farmaceutica ganha assento e amplia lobby no novo Congresso",https://reporterbrasil.org.br/2019/02/industria-farmaceutica-ganha-assento-e-amplia-lobby-no-novo-congresso/,pharma_industry,"Pharma industry donated R$13 million to campaigns. In 2010/2014 when private financing was allowed: R$26 million and R$57 million to 1,404 candidates. Former Hypera director admitted transferring R$30 million to MDB politicians.",no
2019-08,Reporter Brasil,"Conheca a lei que vai causar prejuizo bilionario ao Ministerio da Saude e ampliar lucro das farmaceuticas",https://reporterbrasil.org.br/2019/08/conheca-a-lei-que-vai-causar-prejuizo-bilionario-ao-ministerio-da-saude-e-ampliar-lucro-das-farmaceuticas/,pharma_industry,"Investigates Article 40 of Industrial Property Law (1997) guaranteeing minimum 10-year patent validity, causing billions in losses to Ministry while amplifying pharma profits. Interfarma and Caeme used judicial actions to maintain monopolies.",no
2008-09-01,Governo do Estado de Sao Paulo,"Policia prende quadrilha que fraudou R$ 63 milhoes do Estado (Operacao Garra Rufa)",https://www.saopaulo.sp.gov.br/ultimas-noticias/policia-prende-quadrilha-que-fraudou-r-63-milhoes-do-estado/,pharma_industry,"Criminal network of three pharma labs, an NGO, doctors, and lawyers defrauded R$63 million. Doctors issued improper reports, lawyers filed lawsuits, many patients didn't know suits were filed on their behalf.",no
2018-04-04,SciELO em Perspectiva: Humanas,"A judicializacao da Saude: existem interferencias da industria farmaceutica no fenomeno?",https://humanas.blog.scielo.org/blog/2018/04/04/a-judicializacao-da-saude-existem-interferencias-da-industria-farmaceutica-no-fenomeno/,pharma_industry,"Academic research summary showing justice and medicine have been articulated to serve pharma interests. Patient associations are linked to industry. Strong pressure to introduce new medications via judicial demands.",no
2015-09-13,ALMG,"Especialistas criticam lobby de fabricantes de medicamentos",https://www.almg.gov.br/acompanhe/noticias/arquivos/2015/09/13_seminario_judicializacao_saude.html,pharma_industry,"Seminar at MG Legislature: experts criticized pharma lobby leading to 'inadequate conduct by healthcare providers.' Evidence of coordinated action between prescribers, lawyers, and pharma.",no
2021-04-28,The Intercept Brasil,"Lobby contra quebra de patentes de medicamentos pagou R$ 1,5 milhao a jornais",https://www.intercept.com.br/2021/04/28/lobby-contra-quebra-de-patentes-pagou-jornais/,pharma_industry,"Pharma lobby against breaking patents paid R$1.5 million to newspapers for sponsored content. Valor Economico article cost at least R$300,000 for double-page customized content.",no
2023-08-21,The Intercept Brasil,"Medicamentos: Farmaceuticas tentam barrar genericos para cancer",https://www.intercept.com.br/2023/08/21/medicamentos-farmaceuticas-tentam-barrar-genericos-para-cancer-diabetes-hiv/,pharma_industry,"~50 lawsuits by foreign pharma companies to delay generic versions of ~50 medications for cancer, diabetes, HIV. Judicial strategy to extend patents and block cheaper generics.",no
2010,SciELO / Revista de Saude Publica,"Acoes judiciais: estrategia da industria farmaceutica para introducao de novos medicamentos",https://www.scielo.br/j/rsp/a/hcnPQzz9FLGGGxHbb78gzPy/?lang=pt,pharma_industry,"Landmark Chieffi & Barata study: 2,927 judicial actions in SP in 2006. Of 565 legal agents, 549 (97.2%) were private attorneys. 19 lawyers filed ~63% of all lawsuits; for some drugs, one lawyer filed 70% of actions.",no
2012,SciELO / Physis,"Ligacoes perigosas: industria farmaceutica, associacoes de pacientes e as batalhas judiciais por acesso a medicamentos",https://www.scielo.br/j/physis/a/fXmMTm8w6v5WhZHH3swzGFN/,pharma_industry,"Documents 'dangerous liaisons' between pharma, patient associations, and judicial battles. Connections result from market expansion strategies. Lawsuits increased ~350% in RJ between 2001-2005.",no
2014,SciELO / Revista de Saude Publica,"Medicos, advogados e industria farmaceutica na judicializacao da saude em Minas Gerais",https://www.scielo.br/j/rsp/a/66MXhZ5GyBFwWYGLNKkX55P/?lang=pt,pharma_industry,"MG study (1999-2009): single doctor from one law office responsible for ~44% of prescriptions in 117 actions. Greater concentration for newer, more expensive medications. Pharma targets medical students/residents via philanthropy-disguised marketing.",no
2025,Revista Pesquisa FAPESP,"Growing demands (Demandas crescentes)",https://revistapesquisa.fapesp.br/en/growing-demands/,pharma_industry,"92% increase in judicial proceedings for medicines over five years. SP state spent R$40 million in 2006-2007 on seven anticancer drugs via court orders, with R$7 million lacking clinical evidence of benefit.",no
2021-09-20,Folha de Pernambuco,"Justica determina que Uniao forneca remedio mais caro do mundo para tratamento de bebe com AME",https://www.folhape.com.br/noticias/justica-determina-que-uniao-forneca-remedio-mais-caro-do-mundo-para/198286/,individual_cases,"Federal judge ordered Union to provide Zolgensma (~R$12 million) to 4-month-old Benjamin diagnosed with AME. Family had started internet campaign 'Ame o Ben.'",no
2021-11,IstoE Dinheiro,"Justica autoriza importacao do remedio mais caro do mundo a bebe de 1 ano",https://istoedinheiro.com.br/justica-autoriza-importacao-do-remedio-mais-caro-do-mundo-a-bebe-de-1-ano/,individual_cases,"Court authorized Zolgensma import (R$12 million) for 1-year-old Isabel with AME. Emphasized Zolgensma's cost-benefit over Spinraza (single application vs lifelong doses).",no
2022,CNN Brasil,"Familia busca ajuda para comprar remedio de R$ 7 milhoes a bebe com doenca rara",https://www.cnnbrasil.com.br/saude/familia-busca-ajuda-para-comprar-remedio-de-r-7-milhoes-a-bebe-com-doenca-rara/,individual_cases,"Henri with AME couldn't move legs/arms, had respiratory difficulties. Mother mobilized social media for R$7 million Zolgensma. He eventually received it -- 'O Henri renasceu.'",no
2020-09-26,IstoE,"Morre bebe com doenca rara que motivou campanha para compra de remedio mais caro do mundo",https://istoe.com.br/morre-bebe-com-doenca-rara-que-motivou-campanha-para-compra-de-remedio-mais-caro-do-mundo/,individual_cases,"Baby Aysha died before Zolgensma could be obtained. Highlights life-or-death stakes of delays in accessing high-cost medications.",no
2025,CNN Brasil,"Menino que utilizava remedio mais caro do mundo para tratar doenca rara morre aos 5 anos",https://www.cnnbrasil.com.br/nacional/menino-que-utilizava-remedio-mais-caro-do-mundo-para-tratar-doenca-rara-morre-aos-5-anos/,individual_cases,"Guilherme Martini died at age 5 despite receiving Zolgensma (R$12 million) through judicial action in 2021. Illustrates both successes and limitations of judicial access to high-cost treatments.",no
2022,Jovem Pan,"Menino de 3 anos morre de doenca rara e familia lamenta demora do governo para comprar remedio",https://jovempan.com.br/noticias/brasil/menino-de-1-ano-morre-de-doenca-rara-e-familia-lamenta-demora-da-uniao-para-comprar-remedio-mais-caro-do-mundo.html,individual_cases,"3-year-old Vinicius died from AME. Family blamed government delay in purchasing Zolgensma. Symbol of how bureaucratic delays fulfilling judicial orders can be fatal.",no
2023-09-05,Agencia Brasil,"Zanin obriga governo a fornecer remedio mais caro do mundo a crianca",https://agenciabrasil.ebc.com.br/justica/noticia/2023-09/zanin-obriga-governo-fornecer-remedio-mais-caro-do-mundo-crianca,individual_cases,"STF Minister Zanin confirmed government must provide Zolgensma (~R$6 million) to 2-year-old, overturning STJ denial. Cited 'fundamental rights of the greatest magnitude -- rights to life and health of a child.'",no
2024-08,Metropoles / CNN Brasil,"Caso Enrico: como age remedio que custa R$ 17 milhoes",https://www.metropoles.com/saude/caso-enrico-remedio-terapia-duchenne,individual_cases,"5-year-old Enrico needed Elevidys (R$17 million) for Duchenne muscular dystrophy. STF Minister Gilmar Mendes initially suspended 11 orders (total R$252 million). Agreement eventually reached between Union and Roche.",no
2025-12-29,Diario do Grande ABC,"Mae luta na Justica para manter tratamento do filho",https://www.dgabc.com.br/Noticia/4276806/mae-luta-na-justica-para-manter-tratamento-do-filho-,individual_cases,"Mother fights to maintain Voxzogo (R$1 million/year) for son Antonio with achondroplasia. Treatment began after judicial decision; son began walking. STF suspended supply; mother fears developmental regression.",no
2025,Metropoles,"Jovem com doenca rara e fatal nao recebe medicacao ha sete meses",https://www.metropoles.com/distrito-federal/jovem-com-doenca-rara-e-fatal-nao-recebe-medicacao-ha-sete-meses,individual_cases,"17-year-old Davi with atypical hemolytic uremic syndrome had court order since 2017 guaranteeing eculizumab. Medication undelivered for 7 months due to bureaucratic transfer issues.",no
2025,Instituto Oncoguia,"Cancer: pacientes vao a Justica por acesso a tratamentos sem oferta no SUS",https://www.oncoguia.org.br/conteudo/cancer-pacientes-vao-a-justica-por-acesso-a-tratamentos-sem-oferta-no-sus/16589/7/,individual_cases,"Cintia (47) with advanced breast cancer obtained palbociclib (R$10,000/box) via court. After 9 months regained ability to perform activities she hadn't done in four years.",no
2024-01,TJAC,"Paciente consegue na Justica fornecimento de medicamento nao disponivel no SUS",https://www.tjac.jus.br/2024/01/paciente-consegue-na-justica-fornecimento-de-medicamento-nao-disponivel-no-sus/,individual_cases,"Patient with severe eosinophilic asthma facing risk of death obtained medication via court. State argued drug not on essential medicines list. Judge ordered supply within 5 days, R$1,000/day fine.",no
2021-08-24,JFSP,"Justica determina o fornecimento de medicamento a homem com doenca degenerativa",https://www.jfsp.jus.br/comunicacao-publica/indice-noticias/24/08/2021-justica-determina-o-fornecimento-de-medicamento-a-homem-com-doenca-degenerativa,individual_cases,"Man with familial amyloidotic polyneuropathy obtained Inotersen after Tafamidis (SUS-provided) failed. R$5,000/day fine for non-compliance.",no
2025,Olhar Juridico,"Paciente com doenca autoimune rara consegue na Justica medicamento de R$ 14 mil a caixa",https://www.olharjuridico.com.br/noticias/exibir.asp?id=46819,individual_cases,"Patient with Erdheim-Chester Disease (~500 cases worldwide since 1930) obtained Vemurafenib (R$14,555/box, 4 boxes/month) through Defensoria Publica. Filed same day daughter sought help.",no
2025-10,Revista Forum,"Ajude Natalia Pimenta: dirigente do PCO luta contra leucemia rara",https://revistaforum.com.br/revista-forum/ajude-natalia-pimenta-dirigente-do-pco-luta-contra-leucemia-rara/,individual_cases,"Natalia (40) in ICU with rare leukemia needed Revumenib. Injunction denied because drug lacks ANVISA registration. Only proven treatment option -- supporters argue formality violates human dignity.",no
2026-01-06,Tribuna Online,"Pais conseguem na Justica remedio para o filho que custa R$ 7 milhoes",https://tribunaonline.com.br/cidades/pais-conseguem-na-justica-remedio-para-o-filho-que-custa-r-7-milhoes-287302,individual_cases,"After seven months of legal battle, parents obtained Zolgensma (~R$7 million) through SUS. Son now feeds himself, speaks, sits, stands with support.",no
2024-09-20,STF Noticias,"STF define criterios para a concessao judicial de medicamentos nao incorporados ao SUS",https://noticias.stf.jus.br/postsnoticias/stf-define-criterios-para-a-concessao-judicial-de-medicamentos-nao-incorporado-ao-sus/,institutional_response,"Landmark Tema 1234 judgment: courts generally cannot order non-CONITEC medications. Six cumulative conditions required. Judges must consult NAT-Jus, cannot rely solely on prescriptions.",no
2024-10,Ministerio da Saude,"Decisao do STF sobre concessao de medicamentos fortalece a ciencia e reforca o papel coletivo do SUS",https://www.gov.br/saude/pt-br/assuntos/noticias/2024/outubro/decisao-do-stf-sobre-concessao-de-medicamentos-fortalece-a-ciencia-e-reforca-o-papel-coletivo-do-sus,institutional_response,"Ministry created dedicated judicialization department and national platform. CONITEC brought into Fonajus. Minister Nisia called decision 'a milestone for Brazil and for SUS.'",no
2024-09,Futuro da Saude,"Decisao do STF pode organizar judicializacao sobre acesso a medicamentos mas fortalecimento da Conitec e criticado",https://futurodasaude.com.br/decisao-stf-judicializacao-medicamentos/,institutional_response,"STF decision may organize judicialization but patient associations and pharma criticize 'undisputed power' given to CONITEC. Concerns about transparency and Ministry influence on evaluations.",no
2024-04-02,Portal CNJ,"Forum do Judiciario para a Saude aprova medidas para reducao da judicializacao",https://www.cnj.jus.br/forum-do-judiciario-para-a-saude-aprova-medidas-para-reducao-da-judicializacao/,institutional_response,"Under Minister Barroso, Fonajus approved working group for e-NatJus improvement, itinerant Fonajus to visit courts, 120-day deadline for state health committees to develop plans.",no
2024-11-21,Portal CNJ,"CNJ e ANS assinam acordo para reducao da judicializacao da saude suplementar",https://www.cnj.jus.br/cnj-e-ans-assinam-acordo-para-reducao-da-judicializacao-da-saude-suplementar/,institutional_response,"Cooperation agreement to prevent new supplementary health lawsuits, speed case processing, provide technical-scientific support. Over 330,000 active lawsuits involve health plan operators.",no
2024-10-08,Portal CNJ,"Bases de dados tecnicos de saude devem ser integradas ao e-NatJus 4.0",https://www.cnj.jus.br/bases-de-dados-tecnicos-de-saude-devem-ser-integradas-no-e-natjus-4-0/,institutional_response,"e-NatJus 4.0: ~240,000 technical notes supporting 183,000 health cases. Consolidating multiple health databases into single platform for evidence-based judicial decisions.",no
2022-11-14,Portal CNJ,"Sistema do e-Natjus refina busca de notas e pareceres tecnicos em saude",https://www.cnj.jus.br/sistema-do-e-natjus-refina-busca-de-notas-e-pareceres-tecnicos-em-saude/,institutional_response,"CNJ improved e-NatJus search functionality. Platform had accumulated over 88,000 notes. Refinement aimed to support growing judicial demand for evidence-based health decisions.",no
2021-08-03,Portal CNJ,"NAT-Jus/SP alcanca marca de 1 mil notas tecnicas na biblioteca digital",https://www.cnj.jus.br/nat-jus-sp-alcanca-marca-de-1-mil-notas-tecnicas-na-biblioteca-digital/,institutional_response,"SP NAT-Jus reached 1,000 technical notes milestone. Notes produced by health professionals to guide judges on clinical questions about medications, treatments, procedures.",no
2025-11,TJSC,"TJSC expande emissao de notas tecnicas por meio do NatJus para as 112 comarcas",https://www.tjsc.jus.br/web/imprensa/-/tjsc-expande-emissao-de-notas-tecnicas-por-meio-do-natjus-para-as-112-comarcas,institutional_response,"Santa Catarina expanding NatJus to all 112 municipalities by Nov 2025 (pilot March 2025). Evidence-based notes via telehealth professionals from Funmed.",no
2016-07,TRF4,"TRF4 implanta as primeiras varas federais do pais especializadas em saude",https://www.trf4.jus.br/trf4/controlador.php?acao=noticia_visualizar&id_noticia=12050,institutional_response,"First federal courts specialized in health: 3rd Federal Court of Curitiba and four in Porto Alegre. Responded to CNJ Recommendation No. 43.",no
2018-09-18,Portal CNJ,"Judicializacao da saude: Goiania ganha duas varas especializadas",https://www.cnj.jus.br/judicializacao-da-saude-goiania-instala-duas-varas-especializadas/,institutional_response,"Goiania installed two courts dedicated to health litigation, part of national movement for specialized judicial units following CNJ Recommendation No. 43.",no
2024,TJCE,"9a e 15a Varas da Fazenda Publica de Fortaleza serao exclusivas para demandas de saude",https://www.tjce.jus.br/noticias/9a-e-15a-varas-da-fazenda-publica-de-fortaleza-serao-exclusivas-para-demandas-de-saude/,institutional_response,"Ceara converted two courts to handle exclusively public health demands. ~2,500 pending cases to be distributed. Established Nucleo de Justica 4.0 for public health.",no
2025-09,Defensoria Publica RJ,"Camara de Resolucao de Litigios em Saude comemora 12 anos",https://www.defensoria.rj.def.br/noticia/detalhes/31975-Camara-de-Resolucao-de-Litigios-em-Saude-comemora-12-anos,institutional_response,"RJ CRLS (2013-2025): analyzed 201,700+ requests, 57.52% resolved without litigation. Extrajudicial resolution rate climbed from ~35% (2013-14) to ~63% (2022-23). Savings of at least R$3.5 million.",no
2024-09,TJAM,"Camara de Resolucao Extrajudicial de Litigios de Saude completa primeiro ano",https://www.tjam.jus.br/index.php/menu/sala-de-imprensa/12511-camara-de-resolucao-extrajudicial-de-litigios-de-saude-completa-seu-primeiro-ano-de-atividades-e-registra-89-7-das-demandas-resolvidas-no-periodo,institutional_response,"Amazonas extrajudicial chamber resolved 89.7% of demands without litigation in first year, saving R$1.78 million.",no
2024-07-12,Portal CNJ,"Tribunal do Para instala em Belem CEJUSC especializado em saude",https://www.cnj.jus.br/tribunal-do-para-instala-em-belem-cejusc-especializado-em-saude/,institutional_response,"TJPA established specialized health CEJUSC in Belem with statewide competence. First conciliation session resolved ICU bed/surgery case.",no
2025-11-07,Portal CNJ,"Diagnostico do CNJ aponta alto indice de deferimento de pedidos em saude e baixa conciliacao",https://www.cnj.jus.br/diagnostico-do-cnj-aponta-alto-indice-de-procedencia-e-baixa-conciliacao-em-acoes-de-saude/,institutional_response,"CNJ diagnostic: ~600,000 health lawsuits filed Jan 2024 - Aug 2025. Six states show injunction approval rates above 85%. Conciliation rates below 1% in 17 states.",no
2019,UFMG,"Judicializacao reforca desigualdade entre clientes de planos de saude",https://ufmg.br/comunicacao/noticias/judicializacao-da-saude-reforca-desigualdade,equity,"UFMG study: health plan clients who judicialize most frequently held individual plans, lived in wealthy areas, had broader provider networks. Judicializing more accessible to wealthier citizens.",no
2017-10,MPMS,"Luta pela vida, reforco da desigualdade ou gasto desenfreado?",https://www.mpms.mp.br/noticias/2017/10/luta-pela-vida-reforco-da-desigualdade-ou-gasto-desenfreadoa-a-dificil-equacao-da-judicializacao-da-saude,equity,"SP 2010-2014: of 56,000 cases, 64% filed by private lawyers (only 13.8% public defenders), nearly half of prescriptions from private doctors. Success rates exceed 80% but procedural costs exclude poorest.",no
2024-12,Migalhas,"5 fatos surpreendentes sobre a judicializacao da saude no Brasil",https://www.migalhas.com.br/depeso/444202/5-fatos-surpreendentes-sobre-a-judicializacao-da-saude-no-brasil,equity,"Reports 'paradoxical inequality': judicialization may deepen inequalities as those with more resources access justice more easily. Massive regional heterogeneity. Collective actions underutilized but yield 7% higher success.",no
2019,International Journal for Equity in Health,"(Un)Equitable distribution of health resources and the judicialization of healthcare: 10 years of experience in Brazil",https://equityhealthj.biomedcentral.com/articles/10.1186/s12939-019-0914-5,equity,"10-year analysis finds 'contrary positive discrimination tendency -- in favor of advantaged groups.' Access to courts skewed toward people with comparatively better health conditions due to economic situation.",no
2013-08-29,Health and Human Rights Journal,"The right to health in the courts of Brazil: Worsening health inequities?",https://www.hhrjournal.org/2013/08/29/the-right-to-health-in-the-courts-of-brazil-worsening-health-inequities/,equity,"Examines whether judicial enforcement worsens health inequities. Growing proportion of cases from supplementary insurance (25% of population, wealthier) and small role of public defenders suggest regressive pattern.",no
2019,International Journal for Equity in Health,"Is the judicialization of health care bad for equity? A scoping review",https://equityhealthj.biomedcentral.com/articles/10.1186/s12939-019-0961-y,equity,"Scoping review: evidence on regressivity inconclusive. Some studies find majority of litigants are poor/older individuals. Others show concentration in developed areas and high-cost medicines. Calls for more rigorous methodology.",no
2024,APM / CFM / CNJ,"Infografico apresenta panoramas da Judicializacao da Saude e da Medicina no Brasil",https://www.apm.org.br/infografico-apresenta-panoramas-da-judicializacao-da-saude-e-da-medicina-no-brasil/,equity,"Massive regional disparity: South has 5.11 cases per 1,000 inhabitants vs 0.80 in North. SP leads with 133,500 cases. Health litigation grew 198% over nine years while general litigation fell 6%.",no
2020-06-18,Health and Human Rights Journal,"Right-to-Medicines Litigation and Universal Health Coverage: Institutional Determinants of the Judicialization of Health in Brazil",https://www.hhrjournal.org/2020/06/18/right-to-medicines-litigation-and-universal-health-coverage-institutional-determinants-of-the-judicialization-of-health-in-brazil/,equity,"Presence of Public Defender's Office is a major determinant of whether judicialization occurs. Municipalities without public defenders -- typically poorer/remote -- see far less litigation.",no
2018,Faculdade de Medicina UFMG,"Pesquisa avalia interferencia da industria farmaceutica na judicializacao da saude",https://www.medicina.ufmg.br/pesquisa-avalia-interferencia-da-industria-farmaceutica-na-judicializacao-da-saude/,political_economy,"UFMG doctoral research: patients obtain high-cost treatments that aren't always best options but generate profit for lawyers, doctors, pharma. MG spent R$290 million on judicial health actions in 2016. Purpose of resolving public policy problem ended up favoring pharma profits.",no
2025,Abrale,"Apos decisao do STF sobre judicializacao, instituicoes se mobilizam em busca de dialogo mais profundo",https://abrale.org.br/abrale-na-midia/apos-decisao-do-stf-sobre-judicializacao-instituicoes-se-mobilizam-em-busca-de-dialogo-mais-profundo/,political_economy,"After STF Tema 1234 decision, patient associations (Abrale, Abrasta, Febrararas) mobilized politically, requesting CNJ meetings and seeking Congressional alternatives. Associations act as organized political players.",no
2024-10,Ministerio da Saude,"Judicializacao: no STF ministra Nisia afirma: 'esse e um marco para o Brasil e para o SUS'",https://www.gov.br/saude/pt-br/assuntos/noticias/2024/outubro/judicializacao-no-stf-ministra-nisia-afirma-esse-e-um-marco-para-o-brasil-e-para-o-sus,political_economy,"Health Minister celebrated STF Tema 1234 as victory for executive branch regaining control over pharmaceutical policy. Medicines approved by Anvisa but not in SUS can only be ordered under strict conditions.",no
2023,SciELO / Revista de Saude Publica,"Judicialization and right to health in Brazil: a trajectory of matches and mismatches",https://www.scielo.br/j/rsp/a/VJQ34GLNDB49xYVrGVKgDVF/,political_economy,"Comprehensive review of three-decade trajectory. Divide between pro-litigation camp (guaranteeing equitable rights) and anti-litigation camp (deepening inequalities). Ongoing political contest over legitimacy of judicial intervention.",no
2024,LEX Editora,"Justica determina bloqueio de verbas para fornecer remedio a paciente com cancer",https://www.lex.com.br/justica-determina-bloqueio-de-verbas-para-fornecer-remedio-a-paciente-da-rede-publica-de-saude-com-cancer/,enforcement,"Judge in Caico (RN) blocked state funds to supply kidney cancer medication. Illustrates judges' power to sequester public budgets when states fail to provide court-ordered treatments.",no
2019-12,Agencia Brasil,"Justica mantem bloqueio de R$ 325 milhoes da prefeitura do Rio",https://agenciabrasil.ebc.com.br/justica/noticia/2019-12/justica-mantem-bloqueio-de-r-325-milhoes-da-prefeitura-do-rio,enforcement,"TRT-RJ froze R$325 million from Rio de Janeiro municipality accounts to pay 20,000+ outsourced health workers (community agents, pharmacists, nursing techs) with salaries unpaid since October 2019.",no
2017-05-08,STJ,"Fazenda publica pode ser multada por nao fornecer medicamento",https://www.stj.jus.br/sites/portalp/Paginas/Comunicacao/Noticias-antigas/2017/2017-05-08_07-59_Fazenda-publica-pode-ser-multada-por-nao-fornecer-medicamento.aspx,enforcement,"STJ Tema 98: First Section unanimously ruled daily fines (astreintes) can be imposed on government for non-compliance with medication supply orders. RS case: glaucoma patient won half-minimum-wage daily fine.",no
2023-09-25,STF,"STF nega sequestro de precatorios para doencas graves",https://portal.stf.jus.br/,enforcement,"STF limited sequestration of precatorios (court-ordered government debts) for health cases, even serious diseases. Balanced individual urgency against fiscal responsibility. Only allowed when no budgetary allocation exists.",no
2025-11,Cidadeverde,"TCE multa ex-prefeito Dr. Pessoa por descumprir decisao sobre recursos da saude",https://cidadeverde.com/noticias/445355/tce-multa-ex-prefeito-dr-pessoa-por-descumprir-decisao-sobre-recursos-da-saude,enforcement,"TCE-PI fined Teresina ex-mayor 5,000 UFR-PI for non-compliance with health budget precautionary measures during 2023. Mayor failed to present defense or prove compliance. Shows audit courts also enforce health spending rules.",no
2026-02-04,O Tempo,"Paciente em risco de rompimento de aneurisma esta ha quase 100 dias internada sem cirurgia no SUS-MG",https://www.otempo.com.br/cidades/2026/2/4/paciente-em-risco-de-rompimento-de-aneurisma-esta-ha-quase-100-dias-internada-sem-cirurgia-no-sus-mg,admin_failure,"Elizabete Fernandes, 44, hospitalized 100 days in MG with cerebral aneurysm risk. Hospital lacked SUS credentialing for endovascular surgery. Transfer via CINT Belo Horizonte ordered Dec 3 but never executed. Lawsuit seeks judicial fund seizure for private surgery.",no
2016-06,TJDFT,"Espera de quase 10 anos na fila de cirurgia gera indenizacao a paciente da rede publica de saude",https://www.tjdft.jus.br/institucional/imprensa/noticias/2016/junho/espera-de-quase-10-anos-na-fila-de-cirurgia-gera-indenizacao-a-paciente-da-rede-publica-de-saude,admin_failure,"DF condemned to R$20k damages for child waiting nearly 10 years for cranial surgery that should be done in infancy. Court recognized state negligence via omission -- failing to provide care the SUS promises.",no
2022-07,Agencia Brasil / Radioagencia,"Falta de medicamentos atinge 80% das cidades brasileiras",https://agenciabrasil.ebc.com.br/radioagencia-nacional/saude/audio/2022-07/falta-de-medicamentos-atinge-80-das-cidades-brasileiras,admin_failure,"CNM survey of 3,360 municipalities: 80% reported medicine shortages. 68% lacked amoxicillin, 66% lacked dipirona. 1,392 municipalities resorted to emergency procurement. Ministry admitted low stock of ~90 substances including antibiotics, saline solution.",no
2022,EPSJV / Fiocruz,"Falta de medicamentos atinge mais de 80% das cidades",https://www.epsjv.fiocruz.br/podcast/falta-de-medicamentos-atinge-mais-de-80-das-cidades,admin_failure,"Fiocruz analysis: SUS medicine shortages are structural, not temporary. Brazil's domestic pharmaceutical ingredient production fell from 50% to 5% of needs over 40 years. 2017 financing reform reduced 6 blocks to 2, fragmenting the system.",no
2025,Folha de S.Paulo / SciELO,"SUS waiting lists: 1.6 million Brazilians await surgery",https://www.scielo.br/j/csp/a/SQNxybJVbkLFLRbNwmvMTdd/?lang=pt,admin_failure,"1.6 million Brazilians on SUS surgical waiting lists. 5% die per year of waiting. Patients waiting 7 years have 18% higher mortality than those operated immediately. UK comparison: no one waits >18 weeks, 90% operated within that period.",no
2018-03,Ministerio da Saude,"Liminar aponta 'afronta a concorrencia' em compra para doencas raras",https://www.gov.br/saude/pt-br/assuntos/noticias/2018/marco/liminar-aponta-afronta-a-concorrencia-em-compra-para-doencas-raras,procurement_cost,"Rare disease drug distribution monopoly: ANVISA resolution required manufacturer authorization for importers, creating single-distributor monopolies. Federal judge ruled this violated bidding competition principles. 2010-2015: R$2.7B spent judicially, 54% on just 3 drugs (Elaprase, Naglazyme, Soliris).",no
2024,Portal TCU,"Tribunal fiscaliza gestao de demandas judiciais de medicamento",https://portal.tcu.gov.br/imprensa/noticias/tribunal-fiscaliza-a-gestao-de-demandas-judiciais-de-medicamento,procurement_cost,"TCU audit found R$26.4 million in judicially purchased medicines expired between 2018-2022. Emergency procurement without competitive bidding leads to systematic waste. Highlights inefficiency of individualized judicial purchasing vs. centralized procurement.",no
2025,Futuro da Saude,"Medicamentos nao incorporados mais judicializados no SUS sao para doencas raras",https://futurodasaude.com.br/medicamentos-nao-incorporados-no-sus-judicializacao/,procurement_cost,"Top non-incorporated judicially mandated drugs: vosoritida (achondroplasia) R$875M and atalureno (Duchenne) R$765M between 2022-2024. Pharma companies delay incorporation requests while litigation forces purchase at full price. BioMarin only planning Conitec submission for 2025.",no
2022,IDEC,"Remedio de R$ 6,5 milhoes: preco baseado na cura e injusto e cruel",https://idec.org.br/release/remedio-de-r-65-milhoes-preco-baseado-na-cura-e-injusto-e-cruel-diz-idec,procurement_cost,"IDEC criticized CMED for raising Zolgensma from R$2.9M to R$6.5M using 'value-based pricing' (comparing to years of competitor Spinraza). Families forced to sue for access. Later resolved: SUS adopted risk-sharing agreement, achieving lowest global price.",no
2025-05,Gov.br / Secom,"SUS realiza primeiras aplicacoes do Zolgensma via acordo de compartilhamento de risco",https://www.gov.br/secom/pt-br/assuntos/noticias/2025/05/sus-realiza-primeiras-aplicacoes-do-zolgensma-medicamento-de-r-7-milhoes-para-criancas-com-ame,procurement_cost,"SUS began providing Zolgensma (~R$7M) through innovative risk-sharing agreement: payment only if treatment is effective. Brazil secured lowest list price globally. Shows how incorporation can resolve judicialization -- prior to this, families had to sue.",no
2013-03,Conjur / IPEA,"Mapa da Defensoria mostra que faltam defensores em 72% das comarcas",https://www.conjur.com.br/2013-mar-12/mapa-defensoria-mostra-faltam-defensores-72-comarcas/,defensoria_access,"IPEA/ANADEP 'Mapa da Defensoria': public defenders absent from 72% of 2,680 comarcas. Only 5,054 of 8,489 positions filled (59.5%). Deficit most severe in small districts (<100k pop) with lower HDI. Total deficit: 10,578 defenders.",no
2025-02-21,Conjur,"Brasil esta longe de colocar Defensoria em todas as comarcas",https://www.conjur.com.br/2025-fev-21/41-das-comarcas-estaduais-e-60-das-subsecoes-federais-nao-tem-defensor-publico/,defensoria_access,"Despite Constitutional Amendment 80/2014 deadline, 41% of state comarcas and 60% of federal subsections still lacked public defenders as of June 2024. Coverage rose from 47% to 59.1% between 2021 and 2024 -- still far from universal.",no
2015,Cadernos de Saude Publica / SciELO,"Biehl et al: right to medicines litigation in Rio Grande do Sul",https://scielosp.org/article/csp/2015.v31n3/451-462/,defensoria_access,"Princeton/Johns Hopkins study of 1,262 lawsuits in RS: presence of Defensoria associated with 7x increase in probability of municipality having medicine lawsuit. Demonstrates that access to legal representation -- not just disease burden -- drives litigation geography.",no
2010-2014,SES-SP / Chieffi,"Advogados privados lideram 64% das acoes de saude em SP",https://periodicos.saude.sp.gov.br/BEPA182/article/view/38466,defensoria_access,"Chieffi SP data 2010-2014: of 56,000 health lawsuits, private lawyers led 64%, Defensoria only 13.8%, prosecutors 9%. Of 20 most demanded drugs, only 4 lacked SUS alternatives. 63% increase in volume over period. 'Judicialization accentuates inequality in access.'",no
2025-09,DPE-AM,"Defensoria celebra dois anos da CRELS com R$ 12 milhoes economizados e 92.5% de resolutividade",https://defensoria.am.def.br/2025/09/15/defensoria-celebra-dois-anos-da-crels-am-com-mais-de-r-12-milhoes-economizados-e-925-de-resolutividade/,defensoria_access,"Amazonas CRELS (health litigation resolution chamber): 4,278 demands handled in 2 years, 92.5% resolution rate, R$12.5M saved. Meanwhile DPE-AM has deficit of 80 positions, budget frozen since 2021 at 0.69% of state budget.",no
2020,SciELO / Revista de Administracao Publica,"Os impactos da judicializacao da saude no municipio de Sao Paulo: gasto publico e organizacao federativa",https://www.scielo.br/j/rap/a/5YcctKRJTVmQnp5mRHkBBcj/?format=html&lang=pt,municipal_adaptation,"SP DJES study: judicialization consumed 6% of municipal pharmaceutical budget and 10% of hospital supplies budget. 55% of judicial costs were for medicines that were responsibility of other government levels (state/Union). SP created dedicated department in 2020.",no
2017-08-30,Portal CNJ,"Camara de Conciliacao de Saude resolve 80% dos casos na Bahia",https://www.cnj.jus.br/camara-de-conciliacao-de-saude-resolve-80-dos-casos-na-bahia/,municipal_adaptation,"Bahia's CCS achieved 80% resolution rate within 9 months of establishment. Brings together Defensoria and health secretariats to resolve medication/treatment requests without litigation. Jan-Jul 2024: 3,409 visits, 4,164 assessments.",no
2024,CGNoticias / Prefeitura Campo Grande,"Campo Grande cria Catjus e economiza R$ 425 mil em dois meses",https://www.campogrande.ms.gov.br/cgnoticias/noticia/impactos-no-orcamento-e-medidas-alternativas-a-judicializacao-sao-debatidas-durante-dialogo-deliberativo/,municipal_adaptation,"Campo Grande spends ~R$26M/year on health judicialization. Created Catjus (Coordenacao de Apoio Tecnico a Judicializacao da Saude) which saved R$425k in Jul-Aug alone by redirecting patients to existing SUS services.",no
2019,NSC Total,"Nucleo diminui judicializacoes na area da saude em Joinville",https://www.nsctotal.com.br/noticias/nucleo-diminui-judicializacoes-na-area-da-saude-em-joinville,municipal_adaptation,"Joinville NAT-Jus (est. 2016): peak judicial spending R$10.4M in 2016. New actions fell from 227 (2017) to 144 (2018) -- 36.6% decline. 20% of cases resolved via patient guidance, 35% resolved without litigation. Collective actions dropped from 13 to 1.",no
2023-11,Agencia Gov,"Ministerio da Saude volta a ressarcir estados e municipios pela judicializacao de medicamentos",https://agenciagov.ebc.com.br/noticias/202311/ministerio-da-saude-volta-a-ressarcir-estados-e-municipios-pela-judicializacao-de-medicamentos,municipal_adaptation,"Federal reimbursement resumed after 6-year suspension (2017-2023). First states: SC, RS, PR, ES, MS, CE, PE. Dec 2024 CIT Portaria: Union reimburses 65% (80% for oncology), back-payments for 2018-2024 within 5 years.",no
2024,Secretaria da Saude PR,"Experiencia exitosa do Parana para diminuir demandas judiciais de medicamentos",https://www.saude.pr.gov.br/Noticia/Experiencia-exitosa-do-Parana-para-diminuir-demandas-judiciais-de-medicamentos-e,municipal_adaptation,"Parana spends R$300M/year on judicial health demands. Pioneered PREC pre-judicialization project and reimbursement mechanism: state buys Union-responsibility drugs, fixes price via Cemepar, obtains federal reimbursement. Recognized as national model.",no
2022,Prefeitura Vitoria da Conquista,"Camara de Conciliacao em Saude amplia atendimentos",https://www.pmvc.ba.gov.br/camara-de-conciliacao-em-saude-amplia-atendimentos-para-dar-mais-rapidez-as-demandas-dos-usuarios/,municipal_adaptation,"Vitoria da Conquista created pioneering CCS in Bahia (March 2022) via Technical Cooperation Agreement between municipal health and Defensoria. Restructured 2023 to expand legal team to 2 days/week. Resolves medication/treatment requests without litigation.",no
2025-02,Campo Grande News,"Avalanche de acoes judiciais na saude so cresce e desorganiza orcamento em MS",https://www.campograndenews.com.br/brasil/cidades/avalanche-de-acoes-judiciais-na-saude-so-cresce-e-desorganiza-orcamento-em-ms,municipal_adaptation,"MS health lawsuits rose from 6,500 (2023) to 7,659 (2024), with 810 new actions by Feb 2025 alone. State prosecutor described it as 'seizure' of public resources. Makes planned health policy execution impossible.",no
2016-11,Folha de S.Paulo,"Nao lido com o cofre diz ministra do STF sobre judicializacao da saude",https://www1.folha.uol.com.br/cotidiano/2016/11/nao-lido-com-o-cofre-diz-ministra-do-stf-sobre-judicializacao-da-saude.shtml,political_economy,"STF President Carmen Lucia: 'I deal with the human not the treasury.' Health Minister Barros: 'judicial action displaces resources.' 80% of actions for one drug from single law firm. Hypercholesterolemia fraud: R$36M doctors paid R$300/prescription. NAT-Jus platform launched.",yes
2025-01,Folha de S.Paulo,"SUS nao entrega ao menos 76 medicamentos e procedimentos incorporados a rede publica desde 2018",https://www.sbmdn.org.br/sus-nao-entrega-ao-menos-76-medicamentos-e-procedimentos-incorporados-a-rede-publica-desde-2018/,admin_failure,"76 of 242 CONITEC-incorporated items (31.4%) unavailable after average 648 days -- three times the legal deadline. Insulin analog incorporated 2019 unavailable after 2000+ days. Reasons: unsigned contracts missing protocols pending CIT. Baby Manuella (Acre) died before treatment available.",yes
2020-03,Folha de S.Paulo,"Um unico remedio custou ao SUS R$ 2.44 bilhoes em 11 anos revela estudo",https://www1.folha.uol.com.br/cotidiano/2020/03/um-unico-remedio-custou-ao-sus-r-244-bilhoes-em-11-anos-revela-estudo.shtml,pharma_industry,"Eculizumab cost SUS R$2.44B over 11 years. Single law firm filed ~70% of 514 federal actions; 73% originated in DF. Of 414 patients roughly half lacked confirmed diagnosis. Operacao Calice de Higia (2017): purchases fell 49.5%. Price dropped 35% after ANVISA registration.",yes
2018-03,Folha de S.Paulo,"Pedidos de remedio na Justica caem e SP evita gastos de R$ 205 milhoes",https://www1.folha.uol.com.br/cotidiano/2018/03/pedidos-de-remedio-na-justica-caem-e-sp-evita-gastos-de-r-205-milhoes.shtml,institutional_response,"First decline in a decade: SP judicial health spending from R$1.09B to R$887M (16% drop 27% for Defensoria cases). Acessa SUS pre-litigation program. 1 in 4 judicially ordered drugs already on SUS list. R$40M fraud scheme uncovered in 2015.",yes
2023-03,Folha de S.Paulo,"Governo Bolsonaro incinerou medicamentos de alto custo para doencas raras",https://agenciaaids.com.br/noticia/governo-bolsonaro-incinerou-medicamentos-de-alto-custo-para-doencas-raras-destaca-folha-de-s-paulo/,admin_failure,"R$13.5M in rare disease drugs incinerated: Translarna R$2.74M eculizumab R$1.73M Spinraza R$319k. Total R$214.2M health products discarded since 2019. Stock data classified since 2018. Municipalities forced to buy via emergency procurement while federal stockpiles destroyed.",yes
2023-10,Folha de S.Paulo,"Governo federal gasta R$ 575 mi na compra de tres remedios para doencas raras por ordens judiciais",https://www.bioredbrasil.com.br/governo-federal-gasta-r-575-mi-na-compra-de-tres-remedios-para-doencas-raras-por-ordens-judiciais/,budget_pressure,"Top 3 drugs = 53.25% of R$1.1B: Translarna R$257M Soliris R$216M Zolgensma R$101M. Total 2022: R$1.6B (up 335% from 2012). 50000+ active federal lawsuits. Zolgensma incorporated Dec 2022 but unavailable 9 months later.",yes
2017-02,Folha de S.Paulo,"A mafia da judicializacao da saude",https://cqcs.com.br/noticia/mafia-da-judicializacao-da-saude/,pharma_industry,"Op-ed by Pedro Ramos. Describes Operacao Mr. Hyde: unnecessary surgeries with low-quality materials. Fraud ranges from trivial items to expensive unregistered drugs. Organized networks of doctors lawyers and pharma representatives.",yes
2025-08,Folha de S.Paulo,"Ministerio da Saude paga R$ 2.7 bilhoes com medicamentos judicializados e teme explosao de custos",https://www.noticiasaominuto.com.br/brasil/2308762/ministerio-saude-paga-r-2-7-bilhoes-com-medicamentos-judicializados-e-teme-explosao-de-custos,budget_pressure,"R$1.8B (2022) to R$2.73B (2024) rising ~R$400M/year. Elevidys: R$14.6M/dose ANVISA registration suspended but courts still ordering. R$3B needed for 213 active Elevidys lawsuits. Conitec rejected: gains dont exceed corticosteroids. Zolgensma risk-sharing March 2025.",yes
2024-11,Revista Piaui,"O Complexo: Parte II -- O dinheiro sempre",https://piaui.folha.uol.com.br/materia/o-complexo-parte-ii_o-dinheiro-sempre/,budget_pressure,"Investigative dossier on SUS underfunding. Ministry analysis: R$77B federal funding gap. Federal share fell from 45.3% (2012) to 37.6% (2022). EC 95/2016 spending ceiling cost SUS ~R$76B (2018-2022). Previne Brasil disrupted primary care. Tax subsidies to private health sector: R$70.7B.",yes
2022-07,Revista Piaui,"Farra ilimitada",https://piaui.folha.uol.com.br/materia/farra-ilimitada/,admin_failure,"Secret budget (orcamento secreto) fraud in SUS. Municipalities inflated procedure counts: 540k tooth extractions in city of 38k. Parliamentary kickbacks up to 30%. Maranhao attracted R$918M. SUS audits collapsed from 1300/year to 151. Baby Gael died -- hospital lacked pediatrician incubator neonatal ICU despite city receiving millions.",yes
2016-10-16,Estadao,"Gasto do governo com remedio sem aval da Anvisa cresce 220 vezes em 5 anos",https://noticias.uol.com.br/saude/ultimas-noticias/estado/2016/10/17/gasto-do-governo-com-remedio-sem-aval-da-anvisa-cresce-220-vezes-em-5-anos.htm,pharma_industry,"Non-ANVISA-registered drug spending grew 220x in 5 years: R$2.4M in 2010 (2% of R$122M total) to R$545M in 2015 (50% of R$1.1B total). Cancer drugs rare disease treatments hepatitis C and cannabidiol products drove growth. STF judging Tema 500 on obligation to provide non-registered drugs.",yes
2015-05-25,Estadao,"Governos gastam R$ 314 milhoes com remedio importado",https://www2.senado.leg.br/bdsf/browse?type=author&value=Cambricoli%2C+Fabiana,procurement_cost,"R$314M spent on imported drugs from judicial decisions in 2014 forcing state and Union to purchase medications without ANVISA registration. Documents fiscal cost of judicially mandated imports.",yes
2018-08-15,ConJur,"Com judicializacao da saude juizes passam a ditar politicas publicas do setor",https://www.conjur.com.br/2018-ago-15/judicializacao-saude-juizes-passam-ditar-politicas-publicas-setor/,judge_perspective,"Judge Galhardo created pre-litigation committee in Araraquara reducing health lawsuits 70% (Innovare Prize 2007). Desembargador Dip: 'How can we deny when state defenses are generic?' TJSP handled 40000+ health cases/year costing SP over R$1B.",no
2020-06-10,Portal CNJ,"Solucoes construidas pelo CNJ buscam reduzir judicializacao da saude",https://www.cnj.jus.br/solucoes-construidas-pelo-cnj-buscam-reduzir-judicializacao-da-saude/,judge_perspective,"Judges describe core dilemma: 'We are deciding under pressure about a subject we do not master because we are not doctors.' Receive one-sided petitions with urgency requests must decide immediately. Documents decade of CNJ institutional responses including National Health Forum and NAT-Jus.",no
2024,Migalhas,"Judicializacao da saude no Brasil: Impacto desafios e papel do NatJus",https://www.migalhas.com.br/coluna/migalhas-de-direito-medico-e-bioetica/419202/judicializacao-da-saude-no-brasil-impacto-desafios-e-papel-do-natjus,judge_perspective,"NAT-Jus data from Roraima (2019-2024): only 12.3% of cases classified as urgent were genuinely urgent vs 66.5% non-urgent. Goias: 18.1% truly urgent vs 81.9% not. Many judges resist NAT-Jus consultation citing urgency judicial autonomy or missing infrastructure. 53.8% of NAT-Jus opinions fully favorable to patient.",no
2022-08-30,A Regra e Clara,"Prazo de 180 dias para oferta de novos medicamentos via de regra nao e cumprido",https://aregraeclara.org.br/prazo-de-180-dias-nao-e-cumprido/,conitec_politics,"CGU audit of 25 medications: zero met 180-day legal deadline. Average delay 624 days. Financing-definition stage alone ~300 days; gap from financing to first acquisition ~265 days. Maximum observed delay: 1314 days (3.6 years). Created Monitor dos 180 Dias tracking 900+ incorporation cases since 2012.",no
2022,Cadernos de Saude Publica,"Pharmaceutical industry interference in CONITEC incorporation process (Tamachiro et al)",https://www.scielo.br/j/csp/a/HDhFhXTLTVSh4j99Qqv5NpP/?lang=pt,conitec_politics,"Study of 514 incorporation requests (2012-2020): 37% from pharma companies; industry provided 70.7% of all public consultation contributions. One submission (nusinersena) generated 41787 contributions. Companies deliberately avoid CONITEC when evidence is weak preferring judicialization. 52.7% of industry requests rejected.",no
2019,Cadernos de Saude Publica,"Critical analysis of nusinersena/Spinraza incorporation into SUS (Caetano et al)",https://www.scielo.br/j/csp/a/Fv7D7nRF8DfRXFzCvW7KWbN/?lang=pt,conitec_politics,"CONITEC unanimously rejected nusinersena in Nov 2018. After Attorney General intervention second submission approved March 2019 with no new clinical evidence. Public consultation: 41787 contributions in 10 days (56% of all contributions across 123 favorable recommendations 2012-2019). Federal spending: ~R$118M for 496 units in 2018.",no
2023-09,Metropoles,"Empresa com apenas 1 funcionario leva contrato de R$ 285.8 mi na Saude",https://www.metropoles.com/brasil/empresa-com-apenas-1-funcionario-leva-contrato-de-r-2858-mi-na-saude,procurement_cost,"Auramedi Farmaceutica -- micro-enterprise with 1 employee and R$1.3M capital -- won R$285.8M contract without bidding for immunoglobulin. HQ found closed and without employees during business hours. Owner defendant in pandemic-era fraud case. Co-representative linked to Operacao Vampiro (2004).",no
2025,AGE-MG,"Justica acolhe pedido da AGE-MG e determina bloqueio por superfaturamento de Trikafta",https://advocaciageral.mg.gov.br/justica-acolhe-pedido-da-age-mg-e-determina-bloqueio-de-r-21-milhoes-de-empresas-que-superfaturaram-compra-de-remedios-para-a-populacao/,procurement_cost,"Two importers overcharged ~R$2M for Trikafta (cystic fibrosis). Court froze R$5.3M and pierced corporate veil. Companies sold without ANVISA authorization. Market price ~R$650k vs prices charged far above.",no
2023-06,Agencia Brasil,"Anemia falciforme foi invisibilizada pelo racismo apontam entidades",https://agenciabrasil.ebc.com.br/saude/noticia/2023-06/anemia-falciforme-foi-invisibilizada-pelo-racismo-apontam-entidades,equity,"~100000 patients with sickle cell disease in Brazil; 95% are Black. 30000+ preventable deaths annually. Most are Bolsa Familia beneficiaries. No SUS protocols until 2005 despite century of diagnosis. Ministry: institutional racism affects care quality for this population.",no
2025-09-18,Correio Braziliense,"Judicializacao da saude: um ano do julgamento do Tema 1234 do STF",https://www.correiobraziliense.com.br/direito-e-justica/2025/09/7249899-judicializacao-da-saude-um-ano-do-julgamento-do-tema-1234-do-stf.html,institutional_response,"One-year retrospective: SUS lawsuits declined ~6-7% in H1 2025. NatJus notes for non-incorporated drugs up 40%. Union reimbursement claims rose 878%. National Health Platform delivered to CNJ Jan 2026 (15 months post-decision). Supplementary health lawsuits rose 7% (opposite direction).",no
2025-09-04,ConJur,"STF precisou reforcar a aplicacao das Sumulas Vinculantes 60 e 61",https://www.conjur.com.br/2025-set-04/judicializacao-da-saude-stf-precisou-reforcar-a-aplicacao-das-sumulas-vinculantes-60-e-61/,institutional_response,"STF intervened twice in 2025 to enforce compliance with Tema 1234. Problems: judges ordering direct patient reimbursement (now prohibited); courts not enforcing PMVG price ceiling; CMED needing updated sanctions. Recommended expanding judicial education on health matters.",no
2025-12-29,Portal CNJ,"Uso de notas tecnicas para embasar decisoes judiciais em saude cresce cerca de 32% em 2025",https://www.cnj.jus.br/uso-de-notas-tecnicas-para-embasar-decisoes-judiciais-em-saude-cresce-cerca-de-32-em-2025/,institutional_response,"NAT-Jus technical notes grew 32% in 2025 (~131000 vs ~99000 in 2024). e-NatJus system now houses over 394000 technical notes total. Indicates increased judicial consultation of medical evidence following Tema 1234 decision.",no
2025,Futuro da Saude,"Apos decisao do STF 19.8% tiveram tratamentos interrompidos",https://futurodasaude.com.br/judicializacao-decisao-do-stf/,institutional_response,"Interfarma survey post-STF Tema 1234: 53.8% of patients continued treatment; 26.3% supply denied uncertain or pending; 19.8% had judicially-ordered treatments interrupted. Rare disease lawsuits grew 21.3% between 2022-2024 despite reforms.",no
2025-12-12,O Globo,"Judicializacao soma 1.49% dos custos dos planos de saude",https://oglobo.globo.com/patrocinado/dino/noticia/2025/12/12/judicializacao-soma-149-dos-custos-dos-planos-de-saude-1.ghtml,budget_pressure,"ANS data: judicial costs = R$3.9B in Q1 2025 (1.49% of total expenses). Tripled since 2020 (R$1.2B/0.65%). 62% of judicial demands involve procedures already in mandatory coverage. Operators earned R$7.1B profit in Q1 2025 (+114% vs 2024). 231k new lawsuits against plans Aug 2024-Jul 2025.",no
